ID_Vuelo,Fecha,Origen,Destino,Ruta,Tipo_Avion,Capacidad,Pasajeros,Ingresos,Costo_Vuelo,Estado_Vuelo,Minutos_Demora
AP-00001,2024-01-01,Buenos Aires,Salta,Buenos Aires-Salta,Boeing 737-700,126,123,14765308,7602415,A tiempo,0
AP-00002,2024-01-01,Mendoza,Tucumán,Mendoza-Tucumán,Embraer 190,100,47,4633793,4408509,A tiempo,0
AP-00003,2024-01-01,Buenos Aires,Mendoza,Buenos Aires-Mendoza,Embraer 190,100,89,8430647,4520686,A tiempo,0
AP-00004,2024-01-01,Buenos Aires,Córdoba,Buenos Aires-Córdoba,ATR 72,70,68,5382927,2389578,A tiempo,0
AP-00005,2024-01-01,Neuquén,Buenos Aires,Neuquén-Buenos Aires,Embraer 190,100,98,9377553,4488859,A tiempo,0
AP-00006,2024-01-01,Córdoba,Bariloche,Córdoba-Bariloche,Boeing 737-700,126,51,5701865,7013889,A tiempo,0
AP-00007,02/01/2024,Bariloche,Neuquén,Bariloche-Neuquén,ATR 72,70,55,2885832,1939164,A tiempo,0
AP-00008,2024-01-02,Buenos Aires,Córdoba,Buenos Aires-Córdoba,ATR 72,70,68,5132520,2395219,A tiempo,0
AP-00009,02/01/2024,Buenos Aires,Bariloche,Buenos Aires-Bariloche,Boeing 737-700,126,123,16336741,8004787,Demorado,15
AP-00010,2024-01-02,Córdoba,Salta,Córdoba-Salta,ATR 72,70,27,2265708,2540942,A tiempo,0
AP-00011,2024-01-02,Buenos Aires,Bariloche,Buenos Aires-Bariloche,Boeing 737-700,126,123,16964911,7631797,A tiempo,0
AP-00012,02/01/2024,Rosario,Córdoba,Rosario-Córdoba,ATR 72,70,45,2465932,2093877,A tiempo,0
AP-00013,2024-01-03,Neuquén,Bariloche,Neuquén-Bariloche,ATR 72,70,50,2840214,2047705,Demorado,80
AP-00014,2024-01-03,Buenos Aires,Ushuaia,Buenos Aires-Ushuaia,Boeing 737-700,126,117,24045837,10631379,A tiempo,0
AP-00015,03/01/2024,Buenos Aires,Salta,Buenos Aires-Salta,Boeing 737-700,126,122,14795121,7089262,A tiempo,0
AP-00016,03/01/2024,Buenos Aires,Tucumán,Buenos Aires-Tucumán,Boeing 737-700,126,113,12725457,6784312,Demorado,20
AP-00017,04/01/2024,Buenos Aires,Bariloche,Buenos Aires-Bariloche,Boeing 737-700,126,119,17727561,8065356,A tiempo,0
AP-00018,04/01/2024,Salta,mendoza,Salta-Mendoza,Embraer 190,100,42,4274412,4393935,A tiempo,0
AP-00019,05/01/2024,Tucumán,BUENOS AIRES,Tucumán-Buenos Aires,Embraer 190,100,98,9780721,4434001,A tiempo,0
AP-00020,2024-01-05,Salta,Mendoza,Salta-Mendoza,Embraer 190,100,43,4051139,4466755,A tiempo,0
AP-00021,2024-01-05,Buenos Aires,Córdoba,Buenos Aires-Córdoba,ATR 72,70,65,5126052,2516333,A tiempo,0
AP-00022,2024-01-05,Salta,Tucumán,Salta-Tucumán,Embraer 190,100,38,1910184,3048217,A tiempo,0
AP-00023,2024-01-05,Buenos Aires,Tucumán,Buenos Aires-Tucumán,Embraer 190,100,90,10261575,4514573,Demorado,49
AP-00024,2024-01-06,Córdoba,Buenos Aires,Córdoba-Buenos Aires,ATR 72,70,64,4930854,2377520,Demorado,41
AP-00025,2024-01-07,Córdoba,Buenos Aires,Córdoba-Buenos Aires,ATR 72,70,67,4799227,2313543,A tiempo,0
AP-00026,07/01/2024,Córdoba,Mendoza,Córdoba-Mendoza,ATR 72,70,55,4154855,2342032,A tiempo,0
AP-00027,2024-01-07,Buenos Aires,Neuquén,Buenos Aires-Neuquén,Embraer 190,100,98,10069193,4573268,A tiempo,0
AP-00028,07/01/2024,Bariloche,Neuquén,Bariloche-Neuquén,Embraer 190,100,79,4476136,3114913,A tiempo,0
AP-00029,2024-01-07,Buenos Aires,Córdoba,Buenos Aires-Córdoba,ATR 72,70,69,5115833,2367390,A tiempo,0
AP-00030,2024-01-07,Córdoba,Buenos Aires,Córdoba-Buenos Aires,Embraer 190,100,93,6898245,3650315,A tiempo,0
AP-00031,08/01/2024,Buenos Aires,ushuaia,Buenos Aires-Ushuaia,Boeing 737-700,126,123,25208142,10491127,A tiempo,0
AP-00032,2024-01-08,Salta,Bs As,Salta-Buenos Aires,Boeing 737-700,126,123,15505068,7188670,A tiempo,0
AP-00033,2024-01-08,Ushuaia,Buenos Aires,Ushuaia-Buenos Aires,Boeing 737-700,126,117,22743820,10434379,A tiempo,0
AP-00034,2024-01-08,Tucumán,Salta,Tucumán-Salta,ATR 72,70,34,1799331,2014478,Demorado,36
AP-00035,09/01/2024,Mendoza,Tucumán,Mendoza-Tucumán,Embraer 190,100,44,4297952,4185587,A tiempo,0
AP-00036,09/01/2024,Bariloche,Córdoba,Bariloche-Córdoba,Boeing 737-700,126,50,5870874,7237122,A tiempo,0
AP-00037,2024-01-09,Rosario,Córdoba,Rosario-Córdoba,ATR 72,70,49,2767566,2024692,A tiempo,0
AP-00038,10/01/2024,Salta,Buenos Aires,Salta-Buenos Aires,Boeing 737-700,126,119,13505151,7317470,A tiempo,0
AP-00039,2024-01-10,Buenos Aires,Tucumán,Buenos Aires-Tucumán,Boeing 737-700,126,118,13167487,6470925,Demorado,15
AP-00040,2024-01-10,Buenos Aires,Puerto Iguazú,Buenos Aires-Iguazú,Boeing 737-700,126,113,11821182,6890076,Demorado,70
AP-00041,2024-01-10,Bariloche,Neuquén,Bariloche-Neuquén,ATR 72,70,55,2989540,1912716,A tiempo,0
AP-00042,11/01/2024,Buenos Aires,Córdoba,Buenos Aires-Córdoba,ATR 72,70,68,5158143,2405563,A tiempo,0
AP-00043,2024-01-11,Tucumán,Buenos Aires,Tucumán-Buenos Aires,Embraer 190,100,98,10788037,4593018,A tiempo,0
AP-00044,11/01/2024,Buenos Aires,Córdoba,Buenos Aires-Córdoba,ATR 72,70,68,5033110,2507204,A tiempo,0
AP-00045,2024-01-11,Buenos Aires,Ushuaia,Buenos Aires-Ushuaia,Boeing 737-700,126,,22874915,10416463,Demorado,93
AP-00046,2024-01-12,Salta,Córdoba,Salta-Córdoba,ATR 72,70,33,2759676,2398698,Demorado,65
AP-00047,2024-01-12,Rosario,Córdoba,Rosario-Córdoba,Embraer 190,100,72,4097316,3227991,A tiempo,0
AP-00048,2024-01-12,Bariloche,Buenos Aires,Bariloche-Buenos Aires,Boeing 737-700,126,123,17455466,8039307,A tiempo,0
AP-00049,2024-01-12,Mendoza,Tucumán,Mendoza-Tucumán,Embraer 190,100,43,3923965,4410591,Demorado,32
AP-00050,2024-01-12,Buenos Aires,Neuquén,Buenos Aires-Neuquén,Embraer 190,100,96,9455066,4220092,A tiempo,0
AP-00051,12/01/2024,Córdoba,Buenos Aires,Córdoba-Buenos Aires,ATR 72,70,65,5228148,2311939,A tiempo,0
AP-00052,12/01/2024,Bariloche,Buenos Aires,Bariloche-Buenos Aires,Boeing 737-700,126,123,17420545,7960657,A tiempo,0
AP-00053,12/01/2024,Bariloche,Buenos Aires,Bariloche-Buenos Aires,Boeing 737-700,126,112,16675941,8377761,A tiempo,0
AP-00054,2024-01-12,Córdoba,Buenos Aires,Córdoba-Buenos Aires,Embraer 190,100,95,7392038,3953075,A tiempo,0
AP-00055,2024-01-13,Tucumán,Mendoza,Tucumán-Mendoza,Boeing 737-700,126,63,6186956,6208455,A tiempo,0
AP-00056,13/01/2024,Ushuaia,Buenos Aires,Ushuaia-Buenos Aires,Boeing 737-700,126,123,23783435,9863648,A tiempo,0
AP-00057,2024-01-14,Salta,Mendoza,Salta-Mendoza,Embraer 190,100,38,3694027,4487659,A tiempo,0
AP-00058,14/01/2024,Salta,BUENOS AIRES,Salta-Buenos Aires,Boeing 737-700,126,123,,7587865,Demorado,64
AP-00059,14/01/2024,Mendoza,Buenos Aires,Mendoza-Buenos Aires,Boeing 737-700,126,120,12492883,6459709,A tiempo,0
AP-00060,2024-01-15,Buenos Aires,Ushuaia,Buenos Aires-Ushuaia,Boeing 737-700,126,120,24979706,9970015,A tiempo,0
AP-00061,2024-01-15,Mendoza,Buenos Aires,Mendoza-Buenos Aires,Embraer 190,100,98,9421018,4371672,A tiempo,0
AP-00062,15/01/2024,Buenos Aires,Ushuaia,Buenos Aires-Ushuaia,Boeing 737-700,126,113,21474477,9743870,Demorado,48
AP-00063,2024-01-15,Córdoba,Salta,Córdoba-Salta,ATR 72,70,31,2374446,2568971,A tiempo,0
AP-00064,2024-01-15,Ushuaia,Buenos Aires,Ushuaia-Buenos Aires,Boeing 737-700,126,113,20857231,10478285,A tiempo,0
AP-00065,2024-01-16,Iguazú,Buenos Aires,Iguazú-Buenos Aires,Embraer 190,100,0,0,961726,Cancelado,0
AP-00066,2024-01-16,Mendoza,Buenos Aires,Mendoza-Buenos Aires,Boeing 737-700,126,118,10912086,6758725,A tiempo,0
AP-00067,16/01/2024,Córdoba,Bs As,Córdoba-Buenos Aires,ATR 72,70,65,5247312,2308377,A tiempo,0
AP-00068,17/01/2024,Córdoba,Buenos Aires,Córdoba-Buenos Aires,ATR 72,70,66,5218427,2322154,A tiempo,0
AP-00069,17/01/2024,Iguazú,Buenos Aires,Iguazú-Buenos Aires,Embraer 190,100,92,9299965,4623088,A tiempo,0
AP-00070,17/01/2024,Córdoba,Buenos Aires,Córdoba-Buenos Aires,Embraer 190,100,87,6627261,3763511,A tiempo,0
AP-00071,17/01/2024,Buenos Aires,Salta,Buenos Aires-Salta,Boeing 737-700,126,0,,1458280,Cancelado,0
AP-00072,17/01/2024,Buenos Aires,Iguazú,Buenos Aires-Iguazú,Embraer 190,100,86,8649420,4836965,A tiempo,0
AP-00073,2024-01-17,Buenos Aires,Salta,Buenos Aires-Salta,Boeing 737-700,126,0,0,1527326,Cancelado,0
AP-00074,2024-01-18,Mendoza,Buenos Aires,Mendoza-Buenos Aires,Boeing 737-700,126,121,10915284,6364044,A tiempo,0
AP-00075,18/01/2024,Bariloche,Buenos Aires,Bariloche-Buenos Aires,Boeing 737-700,126,123,16444029,7658995,A tiempo,0
AP-00076,19/01/2024,Córdoba,Salta,Córdoba-Salta,Embraer 190,100,51,4194031,3881402,A tiempo,0
AP-00077,19/01/2024,Buenos Aires,Neuquén,Buenos Aires-Neuquén,Embraer 190,100,98,9830954,4340291,A tiempo,0
AP-00078,2024-01-19,Buenos Aires,Ushuaia,Buenos Aires-Ushuaia,Embraer 190,100,91,19454349,7662199,A tiempo,0
AP-00079,20/01/2024,Córdoba,Bs As,Córdoba-Buenos Aires,ATR 72,70,69,5232878,2523135,A tiempo,0
AP-00080,2024-01-20,Salta,Tucumán,Salta-Tucumán,ATR 72,70,30,1433328,1956173,A tiempo,0
AP-00081,2024-01-20,Buenos Aires,Neuquén,Buenos Aires-Neuquén,Embraer 190,100,94,8482292,4529249,A tiempo,0
AP-00082,2024-01-21,Salta,Buenos Aires,Salta-Buenos Aires,Boeing 737-700,126,115,13736104,7536320,A tiempo,0
AP-00083,2024-01-21,Mendoza,Salta,Mendoza-Salta,Embraer 190,100,41,3885061,4613551,Demorado,58
AP-00084,21/01/2024,Buenos Aires,Bariloche,Buenos Aires-Bariloche,Embraer 190,100,94,13075549,5747819,A tiempo,0
AP-00085,2024-01-21,Iguazú,Buenos Aires,Iguazú-Buenos Aires,Embraer 190,100,96,10322084,4626852,A tiempo,0
AP-00086,2024-01-22,Neuquén,Buenos Aires,Neuquén-Buenos Aires,Embraer 190,100,98,9787770,4613693,Demorado,44
AP-00087,2024-01-22,Buenos Aires,Bariloche,Buenos Aires-Bariloche,Boeing 737-700,126,116,15501834,8287337,Demorado,25
AP-00088,2024-01-22,Salta,Tucumán,Salta-Tucumán,ATR 72,70,33,1634113,1964338,A tiempo,0
AP-00089,22/01/2024,Mendoza,Córdoba,Mendoza-Córdoba,ATR 72,70,43,3150997,2369061,A tiempo,0
AP-00090,2024-01-23,Iguazú,Buenos Aires,Iguazú-Buenos Aires,Embraer 190,100,93,9405944,4827902,A tiempo,0
AP-00091,2024-01-23,Mendoza,Buenos Aires,Mendoza-Buenos Aires,Boeing 737-700,126,122,11181208,6823244,A tiempo,0
AP-00092,2024-01-23,Buenos Aires,Córdoba,Buenos Aires-Córdoba,ATR 72,70,69,5124292,2367754,A tiempo,0
AP-00093,2024-01-23,Salta,Buenos Aires,Salta-Buenos Aires,Embraer 190,100,85,10119426,4895947,Demorado,26
AP-00094,24/01/2024,Córdoba,Mendoza,Córdoba-Mendoza,ATR 72,70,46,3531666,2249454,A tiempo,0
AP-00095,25/01/2024,Bariloche,Bs As,Bariloche-Buenos Aires,Boeing 737-700,126,123,16389612,7808821,A tiempo,0
AP-00096,2024-01-25,Iguazú,Buenos Aires,Iguazú-Buenos Aires,Embraer 190,100,93,10121437,4703076,A tiempo,0
AP-00097,2024-01-25,Córdoba,Mendoza,Córdoba-Mendoza,Embraer 190,100,73,5204375,3796315,Demorado,88
AP-00098,2024-01-25,Buenos Aires,Córdoba,Buenos Aires-Córdoba,ATR 72,70,61,4902119,2499691,A tiempo,0
AP-00099,2024-01-25,Neuquén,Buenos Aires,Neuquén-Buenos Aires,Embraer 190,100,97,8899802,4262917,A tiempo,0
AP-00100,2024-01-26,Córdoba,Buenos Aires,Córdoba-Buenos Aires,ATR 72,70,67,5441646,2395223,A tiempo,0
AP-00101,2024-01-26,Tucumán,Mendoza,Tucumán-Mendoza,Embraer 190,100,45,4216063,4329875,A tiempo,0
AP-00102,2024-01-26,Ushuaia,Buenos Aires,Ushuaia-Buenos Aires,Boeing 737-700,126,116,21399350,10510995,A tiempo,0
AP-00103,2024-01-27,Buenos Aires,Mendoza,Buenos Aires-Mendoza,Embraer 190,100,95,9591987,4291073,A tiempo,0
AP-00104,27/01/2024,Salta,Buenos Aires,Salta-Buenos Aires,Boeing 737-700,126,120,14993943,6978051,A tiempo,0
AP-00105,2024-01-27,Buenos Aires,Tucumán,Buenos Aires-Tucumán,Embraer 190,100,98,9800934,4577262,A tiempo,0
AP-00106,2024-01-28,Córdoba,Mendoza,Córdoba-Mendoza,ATR 72,70,47,3616498,2370051,A tiempo,0
AP-00107,28/01/2024,Mendoza,Córdoba,Mendoza-Córdoba,ATR 72,70,54,3831262,2299465,A tiempo,0
AP-00108,2024-01-28,Buenos Aires,Iguazú,Buenos Aires-Iguazú,Boeing 737-700,126,114,11859016,6745132,Demorado,16
AP-00109,28/01/2024,Córdoba,Buenos Aires,Córdoba-Buenos Aires,Embraer 190,100,96,7168660,3900169,Demorado,18
AP-00110,2024-01-28,Mendoza,Buenos Aires,Mendoza-Buenos Aires,Boeing 737-700,126,122,11084717,6264096,A tiempo,0
AP-00111,2024-01-29,Buenos Aires,Córdoba,Buenos Aires-Córdoba,Embraer 190,100,96,7743966,3970935,A tiempo,0
AP-00112,2024-01-29,Iguazú,Bs As,Iguazú-Buenos Aires,Embraer 190,100,,10589282,4661997,A tiempo,0
AP-00113,2024-01-29,Salta,Mendoza,Salta-Mendoza,Embraer 190,100,45,4610295,4432074,A tiempo,0
AP-00114,2024-01-29,Tucumán,Bs As,Tucumán-Buenos Aires,Boeing 737-700,126,119,12828621,6667023,A tiempo,0
AP-00115,29/01/2024,Mendoza,Buenos Aires,Mendoza-Buenos Aires,Embraer 190,100,98,,4431128,A tiempo,0
AP-00116,2024-01-29,Iguazú,Buenos Aires,Iguazú-Buenos Aires,Embraer 190,100,92,10068783,4530502,Demorado,32
AP-00117,2024-01-31,Bariloche,Neuquén,Bariloche-Neuquén,ATR 72,70,54,2764029,1954326,A tiempo,0
AP-00118,2024-02-01,Mendoza,Córdoba,Mendoza-Córdoba,Embraer 190,100,73,5426766,3718948,A tiempo,0
AP-00119,02/02/2024,Salta,Mendoza,Salta-Mendoza,Embraer 190,100,44,4277597,4383821,A tiempo,0
AP-00120,2024-02-02,Buenos Aires,BARILOCHE,Buenos Aires-Bariloche,Boeing 737-700,126,123,16428929,7788771,A tiempo,0
AP-00121,2024-02-02,Buenos Aires,Mendoza,Buenos Aires-Mendoza,Embraer 190,100,97,10147201,4438912,A tiempo,
AP-00122,2024-02-03,Mendoza,Salta,Mendoza-Salta,Embraer 190,100,36,3723904,4647674,Demorado,18
AP-00123,2024-02-03,Neuquén,Buenos Aires,Neuquén-Buenos Aires,Boeing 737-700,126,123,11588882,6763294,A tiempo,0
AP-00124,03/02/2024,Bariloche,Buenos Aires,Bariloche-Buenos Aires,Boeing 737-700,126,118,15976731,8276595,A tiempo,0
AP-00125,2024-02-04,Mendoza,Córdoba,Mendoza-Córdoba,ATR 72,70,48,3707447,2378584,A tiempo,0
AP-00126,2024-02-04,Neuquén,Bariloche,Neuquén-Bariloche,ATR 72,70,54,2996304,1979061,A tiempo,0
AP-00127,2024-02-04,Iguazú,BUENOS AIRES,Iguazú-Buenos Aires,Embraer 190,100,88,9163936,4592325,A tiempo,0
AP-00128,2024-02-04,Rosario,Buenos Aires,Rosario-Buenos Aires,ATR 72,70,65,3365716,2002966,A tiempo,0
AP-00129,2024-02-05,Buenos Aires,Salta,Buenos Aires-Salta,Boeing 737-700,126,112,14455119,7084028,A tiempo,0
AP-00130,05/02/2024,Iguazú,Buenos Aires,Iguazú-Buenos Aires,Embraer 190,100,95,9435401,4560386,A tiempo,0
AP-00131,2024-02-05,Ushuaia,Bs As,Ushuaia-Buenos Aires,Boeing 737-700,126,120,22683228,9893024,A tiempo,0
AP-00132,2024-02-05,Tucumán,Córdoba,Tucumán-Córdoba,ATR 72,70,53,3643990,2182393,A tiempo,0
AP-00133,06/02/2024,Tucumán,Córdoba,Tucumán-Córdoba,ATR 72,70,53,3569525,2223594,A tiempo,0
AP-00134,2024-02-06,Córdoba,Tucuman,Córdoba-Tucumán,ATR 72,70,59,3884617,2265069,Demorado,32
AP-00135,2024-02-06,Córdoba,Buenos Aires,Córdoba-Buenos Aires,ATR 72,70,64,4663559,2352262,A tiempo,0
AP-00136,2024-02-06,Mendoza,Córdoba,Mendoza-Córdoba,ATR 72,70,53,3679898,2411472,A tiempo,0
AP-00137,06/02/2024,Mendoza,Córdoba,Mendoza-Córdoba,ATR 72,70,55,3733289,2467224,A tiempo,0
AP-00138,2024-02-07,Neuquén,Buenos Aires,Neuquén-Buenos Aires,Boeing 737-700,126,123,11603202,6574590,A tiempo,0
AP-00139,2024-02-07,Mendoza,Córdoba,Mendoza-Córdoba,ATR 72,70,54,3634052,2264699,A tiempo,0
AP-00140,2024-02-08,Córdoba,Tucumán,Córdoba-Tucumán,Embraer 190,100,74,4947969,3684225,A tiempo,0
AP-00141,2024-02-08,Buenos Aires,Ushuaia,Buenos Aires-Ushuaia,Embraer 190,100,94,17888319,7656662,A tiempo,0
AP-00142,08/02/2024,Buenos Aires,ushuaia,Buenos Aires-Ushuaia,Boeing 737-700,126,119,23757205,10577543,A tiempo,0
AP-00143,2024-02-08,Mendoza,Buenos Aires,Mendoza-Buenos Aires,Embraer 190,100,98,9021582,4687516,Demorado,25
AP-00144,2024-02-08,Buenos Aires,Salta,Buenos Aires-Salta,Boeing 737-700,126,123,,7685607,A tiempo,0
AP-00145,2024-02-08,Buenos Aires,Neuquén,Buenos Aires-Neuquén,Embraer 190,100,92,8439871,4543811,A tiempo,0
AP-00146,2024-02-08,Rosario,Córdoba,Rosario-Córdoba,ATR 72,70,41,2274706,2100138,A tiempo,0
AP-00147,2024-02-08,Buenos Aires,Bariloche,Buenos Aires-Bariloche,Boeing 737-700,126,119,17308080,7946383,Demorado,16
AP-00148,2024-02-08,Mendoza,BUENOS AIRES,Mendoza-Buenos Aires,Boeing 737-700,126,123,13117645,6873874,A tiempo,0
AP-00149,2024-02-08,Neuquén,Buenos Aires,Neuquén-Buenos Aires,Boeing 737-700,126,117,11201450,6429660,A tiempo,0
AP-00150,2024-02-08,Buenos Aires,Córdoba,Buenos Aires-Córdoba,ATR 72,70,67,5435934,2556881,A tiempo,0
AP-00151,09/02/2024,Mendoza,Buenos Aires,Mendoza-Buenos Aires,Embraer 190,100,95,9714085,4395564,A tiempo,0
AP-00152,2024-02-09,Buenos Aires,Córdoba,Buenos Aires-Córdoba,Embraer 190,100,96,6987040,3750689,A tiempo,0
AP-00153,2024-02-09,Mendoza,Buenos Aires,Mendoza-Buenos Aires,Embraer 190,100,97,9388475,4528803,A tiempo,0
AP-00154,09/02/2024,Buenos Aires,Mendoza,Buenos Aires-Mendoza,Boeing 737-700,126,123,11879335,6766234,A tiempo,0
AP-00155,2024-02-09,Buenos Aires,Salta,Buenos Aires-Salta,Boeing 737-700,126,115,14733075,7383999,A tiempo,0
AP-00156,10/02/2024,Buenos Aires,Tucumán,Buenos Aires-Tucumán,Embraer 190,100,96,10842730,4563707,A tiempo,0
AP-00157,2024-02-10,Mendoza,Salta,Mendoza-Salta,Embraer 190,100,42,4121410,4738734,A tiempo,0
AP-00158,2024-02-10,Ushuaia,Buenos Aires,Ushuaia-Buenos Aires,Boeing 737-700,126,118,24656992,10873093,A tiempo,0
AP-00158,2024-02-10,Ushuaia,Buenos Aires,Ushuaia-Buenos Aires,Boeing 737-700,126,118,24656992,10873093,A tiempo,0
AP-00159,10/02/2024,Mendoza,Córdoba,Mendoza-Córdoba,ATR 72,70,51,3491687,2392363,A tiempo,0
AP-00160,2024-02-11,Córdoba,Buenos Aires,Córdoba-Buenos Aires,ATR 72,70,67,5159594,2386276,A tiempo,0
AP-00161,2024-02-11,Bariloche,Buenos Aires,Bariloche-Buenos Aires,Boeing 737-700,126,123,18180582,7766214,A tiempo,0
AP-00162,11/02/2024,Buenos Aires,Rosario,Buenos Aires-Rosario,ATR 72,70,62,3102965,1927868,A tiempo,0
AP-00163,2024-02-11,Buenos Aires,CORDOBA,Buenos Aires-Córdoba,ATR 72,70,68,4872553,2556568,A tiempo,0
AP-00164,2024-02-11,Buenos Aires,Ushuaia,Buenos Aires-Ushuaia,Boeing 737-700,126,111,21586826,10302237,A tiempo,0
AP-00165,2024-02-12,Iguazú,Buenos Aires,Iguazú-Buenos Aires,Embraer 190,100,98,10825521,4648896,A tiempo,0
AP-00166,2024-02-12,Iguazú,Buenos Aires,Iguazú-Buenos Aires,Boeing 737-700,126,114,12537385,6876316,A tiempo,0
AP-00167,12/02/2024,Córdoba,Buenos Aires,Córdoba-Buenos Aires,ATR 72,70,66,5012713,2554758,A tiempo,0
AP-00168,12/02/2024,Buenos Aires,Salta,Buenos Aires-Salta,Boeing 737-700,126,123,16120204,7725724,A tiempo,0
AP-00169,2024-02-13,Buenos Aires,Neuquén,Buenos Aires-Neuquén,Boeing 737-700,126,123,11840159,6405374,A tiempo,0
AP-00170,2024-02-15,Buenos Aires,Mendoza,Buenos Aires-Mendoza,Boeing 737-700,126,118,12503008,6845323,A tiempo,0
AP-00171,2024-02-15,Buenos Aires,Rosario,Buenos Aires-Rosario,ATR 72,70,67,3525141,1909010,A tiempo,0
AP-00172,2024-02-15,Córdoba,Mendoza,Córdoba-Mendoza,Embraer 190,100,73,5311690,3582401,A tiempo,0
AP-00173,2024-02-15,Tucumán,Salta,Tucumán-Salta,ATR 72,70,29,1556313,1919039,Demorado,93
AP-00174,2024-02-16,Mendoza,Buenos Aires,Mendoza-Buenos Aires,Embraer 190,100,98,9185872,4464288,A tiempo,0
AP-00175,2024-02-16,Neuquén,Bariloche,Neuquén-Bariloche,ATR 72,70,53,3113070,2088095,A tiempo,0
AP-00176,16/02/2024,Ushuaia,Buenos Aires,Ushuaia-Buenos Aires,Boeing 737-700,126,113,21272647,10007735,A tiempo,0
AP-00177,16/02/2024,Salta,Buenos Aires,Salta-Buenos Aires,Boeing 737-700,126,114,14405682,7542195,A tiempo,0
AP-00178,16/02/2024,Buenos Aires,Mendoza,Buenos Aires-Mendoza,Embraer 190,100,95,9720097,4632337,A tiempo,0
AP-00179,2024-02-16,Córdoba,Mendoza,Córdoba-Mendoza,ATR 72,70,54,4140756,2301437,A tiempo,
AP-00180,16/02/2024,Buenos Aires,Bariloche,Buenos Aires-Bariloche,Boeing 737-700,126,122,16207665,8435665,A tiempo,0
AP-00181,17/02/2024,Buenos Aires,Salta,Buenos Aires-Salta,Boeing 737-700,126,114,14218039,7089413,A tiempo,0
AP-00182,17/02/2024,Buenos Aires,Córdoba,Buenos Aires-Córdoba,ATR 72,70,62,4686723,2510943,A tiempo,0
AP-00183,18/02/2024,Bariloche,Neuquén,Bariloche-Neuquén,ATR 72,70,55,3053528,1977754,A tiempo,0
AP-00184,2024-02-18,Rosario,Córdoba,Rosario-Córdoba,ATR 72,70,44,2454527,2107550,A tiempo,0
AP-00185,18/02/2024,Córdoba,mendoza,Córdoba-Mendoza,ATR 72,70,45,3114644,2403796,A tiempo,0
AP-00186,2024-02-19,Buenos Aires,Bariloche,Buenos Aires-Bariloche,Boeing 737-700,126,121,17658570,7858274,A tiempo,0
AP-00187,20/02/2024,Mendoza,Buenos Aires,Mendoza-Buenos Aires,Boeing 737-700,126,122,12791740,6883009,A tiempo,0
AP-00188,2024-02-20,Buenos Aires,Neuquén,Buenos Aires-Neuquén,Embraer 190,100,92,8556799,4296388,A tiempo,0
AP-00189,20/02/2024,Ushuaia,Buenos Aires,Ushuaia-Buenos Aires,Boeing 737-700,126,113,20916552,10372313,A tiempo,0
AP-00190,2024-02-20,Mendoza,Buenos Aires,Mendoza-Buenos Aires,Embraer 190,100,98,9640221,4407216,Demorado,26
AP-00191,2024-02-20,Buenos Aires,Rosario,Buenos Aires-Rosario,ATR 72,70,64,3387051,1862017,Demorado,19
AP-00192,2024-02-20,Tucumán,Salta,Tucumán-Salta,ATR 72,70,32,1674246,2032274,Demorado,18
AP-00193,2024-02-22,Mendoza,Córdoba,Mendoza-Córdoba,ATR 72,70,49,3756526,2299013,A tiempo,0
AP-00194,2024-02-22,Mendoza,Córdoba,Mendoza-Córdoba,Embraer 190,100,79,5626973,3896183,A tiempo,0
AP-00195,22/02/2024,Córdoba,Bariloche,Córdoba-Bariloche,Boeing 737-700,126,54,6273898,7621186,A tiempo,0
AP-00196,2024-02-22,Mendoza,Bs As,Mendoza-Buenos Aires,Embraer 190,100,98,10501171,4451344,A tiempo,0
AP-00197,2024-02-22,Buenos Aires,Iguazú,Buenos Aires-Iguazú,Embraer 190,100,97,10971267,4718736,Demorado,
AP-00198,2024-02-22,Salta,Tucumán,Salta-Tucumán,ATR 72,70,30,1667591,1968808,A tiempo,0
AP-00199,2024-02-23,Mendoza,Buenos Aires,Mendoza-Buenos Aires,Embraer 190,100,0,0,934371,Cancelado,0
AP-00200,2024-02-23,Buenos Aires,Rosario,Buenos Aires-Rosario,Embraer 190,100,92,4981778,3253607,A tiempo,0
AP-00201,2024-02-23,Iguazú,Bs As,Iguazú-Buenos Aires,Embraer 190,100,96,9891995,4909166,A tiempo,0
AP-00202,2024-02-23,Buenos Aires,Iguazú,Buenos Aires-Iguazú,Embraer 190,100,91,9891488,4827151,A tiempo,0
AP-00203,2024-02-23,Buenos Aires,Rosario,Buenos Aires-Rosario,ATR 72,70,62,3280528,1907255,A tiempo,0
AP-00204,2024-02-24,Córdoba,Salta,Córdoba-Salta,ATR 72,70,31,2625903,2517275,A tiempo,0
AP-00205,2024-02-24,Rosario,Córdoba,Rosario-Córdoba,ATR 72,70,46,2579514,2017069,A tiempo,0
AP-00206,24/02/2024,Córdoba,Buenos Aires,Córdoba-Buenos Aires,Embraer 190,100,94,6842220,3768042,A tiempo,0
AP-00207,2024-02-24,Tucumán,Córdoba,Tucumán-Córdoba,ATR 72,70,48,3173532,2372391,A tiempo,0
AP-00208,2024-02-25,Bariloche,Buenos Aires,Bariloche-Buenos Aires,Boeing 737-700,126,123,18243844,7937905,A tiempo,0
AP-00209,2024-02-25,Buenos Aires,Salta,Buenos Aires-Salta,Boeing 737-700,126,105,12465970,7502367,A tiempo,0
AP-00210,2024-02-25,Ushuaia,Buenos Aires,Ushuaia-Buenos Aires,Boeing 737-700,126,109,20399906,10529792,A tiempo,0
AP-00211,27/02/2024,Buenos Aires,Ushuaia,Buenos Aires-Ushuaia,Embraer 190,100,94,19963415,7727800,A tiempo,0
AP-00212,27/02/2024,Tucumán,Buenos Aires,Tucumán-Buenos Aires,Embraer 190,100,98,10323165,4685068,A tiempo,0
AP-00213,27/02/2024,Bariloche,Córdoba,Bariloche-Córdoba,Boeing 737-700,126,51,6425795,7271574,A tiempo,0
AP-00214,2024-02-27,Buenos Aires,ROSARIO,Buenos Aires-Rosario,Embraer 190,100,93,4791872,3118543,A tiempo,0
AP-00215,2024-02-27,Neuquén,Buenos Aires,Neuquén-Buenos Aires,Embraer 190,100,98,10271695,4384233,A tiempo,0
AP-00216,2024-02-28,Buenos Aires,Córdoba,Buenos Aires-Córdoba,Embraer 190,100,90,6475785,3913219,Demorado,88
AP-00217,2024-02-28,Córdoba,Salta,Córdoba-Salta,ATR 72,70,25,2027395,2494012,A tiempo,0
AP-00218,2024-02-28,Córdoba,Salta,Córdoba-Salta,ATR 72,70,28,2212630,2464309,A tiempo,0
AP-00219,2024-02-28,Rosario,Córdoba,Rosario-Córdoba,ATR 72,70,39,2179457,2076275,A tiempo,0
AP-00220,2024-02-29,Buenos Aires,Córdoba,Buenos Aires-Córdoba,Embraer 190,100,88,6851240,3963641,A tiempo,0
AP-00221,29/02/2024,Buenos Aires,Córdoba,Buenos Aires-Córdoba,ATR 72,70,68,4807009,2430430,A tiempo,0
AP-00222,2024-02-29,Buenos Aires,Bariloche,Buenos Aires-Bariloche,Boeing 737-700,126,122,16919924,8351498,A tiempo,0
AP-00223,2024-03-01,Mendoza,Buenos Aires,Mendoza-Buenos Aires,Embraer 190,100,78,8157086,4520055,A tiempo,0
AP-00224,2024-03-01,Buenos Aires,Tucumán,Buenos Aires-Tucumán,Boeing 737-700,126,109,11990799,7240510,A tiempo,0
AP-00225,2024-03-01,Córdoba,Salta,Córdoba-Salta,ATR 72,70,26,2279007,2528628,Demorado,51
AP-00226,02/03/2024,Buenos Aires,Ushuaia,Buenos Aires-Ushuaia,Boeing 737-700,126,94,18632222,10844301,A tiempo,0
AP-00226,02/03/2024,Buenos Aires,Ushuaia,Buenos Aires-Ushuaia,Boeing 737-700,126,94,18632222,10844301,A tiempo,0
AP-00227,02/03/2024,Córdoba,Buenos Aires,Córdoba-Buenos Aires,ATR 72,70,53,3984580,2559521,A tiempo,0
AP-00228,02/03/2024,Bariloche,Buenos Aires,Bariloche-Buenos Aires,Boeing 737-700,126,97,14212109,8463150,A tiempo,0
AP-00229,03/03/2024,Buenos Aires,Córdoba,Buenos Aires-Córdoba,ATR 72,70,57,4394853,2475555,A tiempo,0
AP-00230,2024-03-03,Córdoba,BUENOS AIRES,Córdoba-Buenos Aires,ATR 72,70,55,4600046,2367507,Demorado,32
AP-00231,03/03/2024,Buenos Aires,Bariloche,Buenos Aires-Bariloche,Boeing 737-700,126,94,13685365,7935962,A tiempo,0
AP-00232,03/03/2024,Bariloche,Buenos Aires,Bariloche-Buenos Aires,Boeing 737-700,126,100,13864092,8665772,A tiempo,0
AP-00233,2024-03-03,Córdoba,Rosario,Córdoba-Rosario,ATR 72,70,35,2257577,2204305,A tiempo,0
AP-00234,2024-03-04,Mendoza,Tucumán,Mendoza-Tucumán,Embraer 190,100,31,3039723,4300353,A tiempo,0
AP-00235,2024-03-05,Salta,Buenos Aires,Salta-Buenos Aires,Boeing 737-700,126,101,12134880,7299817,A tiempo,0
AP-00236,2024-03-05,Buenos Aires,San Miguel de Tucumán,Buenos Aires-Tucumán,Embraer 190,100,80,9097841,4956491,A tiempo,0
AP-00237,2024-03-05,Córdoba,Tucumán,Córdoba-Tucumán,Embraer 190,100,62,4078321,3821912,A tiempo,0
AP-00238,05/03/2024,Buenos Aires,Bariloche,Buenos Aires-Bariloche,Boeing 737-700,126,106,15577083,8357025,Demorado,15
AP-00239,2024-03-06,Mendoza,Buenos Aires,Mendoza-Buenos Aires,Boeing 737-700,126,99,9214466,6405889,A tiempo,0
AP-00240,2024-03-07,Córdoba,Tucumán,Córdoba-Tucumán,Embraer 190,100,59,3977544,3470589,A tiempo,0
AP-00241,2024-03-07,Buenos Aires,Córdoba,Buenos Aires-Córdoba,ATR 72,70,57,4395168,2435069,A tiempo,0
AP-00242,2024-03-07,Buenos Aires,Neuquen,Buenos Aires-Neuquén,Embraer 190,100,81,8610781,4480672,A tiempo,0
AP-00243,2024-03-09,Iguazú,Buenos Aires,Iguazú-Buenos Aires,Embraer 190,100,75,8181131,4999578,Demorado,49
AP-00244,2024-03-09,Buenos Aires,Salta,Buenos Aires-Salta,Boeing 737-700,126,101,12028697,7702802,A tiempo,0
AP-00245,2024-03-09,Buenos Aires,Salta,Buenos Aires-Salta,Boeing 737-700,126,97,11112689,7790185,A tiempo,0
AP-00246,2024-03-09,Córdoba,Rosario,Córdoba-Rosario,ATR 72,70,34,1887023,2158476,A tiempo,0
AP-00247,2024-03-09,Córdoba,Buenos Aires,Córdoba-Buenos Aires,ATR 72,70,46,3463000,2557579,A tiempo,0
AP-00248,2024-03-09,Buenos Aires,San Carlos de Bariloche,Buenos Aires-Bariloche,Boeing 737-700,126,101,13730850,8064007,A tiempo,0
AP-00249,2024-03-10,Córdoba,Mendoza,Córdoba-Mendoza,ATR 72,70,46,3255020,2292262,A tiempo,0
AP-00250,10/03/2024,Iguazú,Bs As,Iguazú-Buenos Aires,Boeing 737-700,126,92,9239698,7062934,A tiempo,0
AP-00251,12/03/2024,Mendoza,Buenos Aires,Mendoza-Buenos Aires,Embraer 190,100,76,8046044,4588510,A tiempo,0
AP-00252,12/03/2024,Mendoza,Salta,Mendoza-Salta,Embraer 190,100,37,4080610,4814773,A tiempo,0
AP-00253,2024-03-13,Tucumán,Buenos Aires,Tucumán-Buenos Aires,Embraer 190,100,73,7903995,4901070,A tiempo,0
AP-00254,2024-03-13,Bariloche,Neuquén,Bariloche-Neuquén,ATR 72,70,45,2692448,2080955,Demorado,51
AP-00255,2024-03-13,Córdoba,Rosario,Córdoba-Rosario,ATR 72,70,37,2149469,2198200,A tiempo,0
AP-00256,2024-03-13,Buenos Aires,Neuquén,Buenos Aires-Neuquén,Embraer 190,100,75,7437811,4773531,A tiempo,0
AP-00257,2024-03-13,Buenos Aires,Ushuaia,Buenos Aires-Ushuaia,Boeing 737-700,126,0,0,2054780,Cancelado,0
AP-00258,2024-03-14,Salta,Tucumán,Salta-Tucumán,ATR 72,70,23,1124907,1944220,A tiempo,0
AP-00259,2024-03-15,Mendoza,Buenos Aires,Mendoza-Buenos Aires,Embraer 190,100,80,8623291,4779654,A tiempo,0
AP-00260,2024-03-15,Mendoza,Córdoba,Mendoza-Córdoba,ATR 72,70,46,3541702,2504912,A tiempo,0
AP-00261,15/03/2024,Buenos Aires,Mendoza,Buenos Aires-Mendoza,Embraer 190,100,84,8103987,4454164,A tiempo,0
AP-00262,2024-03-15,Salta,Buenos Aires,Salta-Buenos Aires,Boeing 737-700,126,96,11941483,7271959,A tiempo,0
AP-00263,2024-03-15,Bariloche,Buenos Aires,Bariloche-Buenos Aires,Boeing 737-700,126,106,14186229,8062113,A tiempo,0
AP-00264,15/03/2024,Bariloche,Córdoba,Bariloche-Córdoba,Boeing 737-700,126,39,4772034,7946805,A tiempo,0
AP-00265,2024-03-16,Mendoza,Tucumán,Mendoza-Tucumán,Boeing 737-700,126,36,3518324,6650861,A tiempo,0
AP-00266,16/03/2024,Buenos Aires,Mendoza,Buenos Aires-Mendoza,Embraer 190,100,78,7258791,4565301,A tiempo,0
AP-00267,2024-03-16,Córdoba,Buenos Aires,Córdoba-Buenos Aires,ATR 72,70,56,4421001,2555253,A tiempo,0
AP-00267,2024-03-16,Córdoba,Buenos Aires,Córdoba-Buenos Aires,ATR 72,70,56,4421001,2555253,A tiempo,0
AP-00268,17/03/2024,Mendoza,Córdoba,Mendoza-Córdoba,Embraer 190,100,57,4555111,3631440,A tiempo,0
AP-00269,2024-03-18,Tucumán,Bs As,Tucumán-Buenos Aires,Embraer 190,100,86,9445570,4787943,Demorado,24
AP-00270,2024-03-18,Buenos Aires,Córdoba,Buenos Aires-Córdoba,ATR 72,70,56,4435475,2529700,Demorado,26
AP-00271,2024-03-18,Neuquén,Buenos Aires,Neuquén-Buenos Aires,Embraer 190,100,72,6721503,4596588,A tiempo,0
AP-00272,18/03/2024,Buenos Aires,Iguazú,Buenos Aires-Iguazú,Boeing 737-700,126,86,9710194,6891799,Demorado,25
AP-00273,2024-03-18,Tucumán,SALTA,Tucumán-Salta,ATR 72,70,25,1230378,2018447,A tiempo,0
AP-00274,2024-03-19,Bariloche,Buenos Aires,Bariloche-Buenos Aires,Boeing 737-700,126,98,13144052,8418035,A tiempo,0
AP-00275,2024-03-19,Buenos Aires,Tucumán,Buenos Aires-Tucumán,Embraer 190,100,82,9543649,4603609,A tiempo,0
AP-00276,20/03/2024,Iguazú,Buenos Aires,Iguazú-Buenos Aires,Embraer 190,100,74,7494218,5011802,A tiempo,0
AP-00277,20/03/2024,Rosario,Córdoba,Rosario-Córdoba,ATR 72,70,34,2082947,2208736,A tiempo,0
AP-00278,21/03/2024,Iguazú,Buenos Aires,Iguazú-Buenos Aires,Boeing 737-700,126,90,9154965,6675586,A tiempo,0
AP-00279,2024-03-21,Buenos Aires,Iguazú,Buenos Aires-Iguazú,Boeing 737-700,126,87,9151653,6866922,A tiempo,0
AP-00280,2024-03-21,Bariloche,Buenos Aires,Bariloche-Buenos Aires,Boeing 737-700,126,99,13264743,8048193,Demorado,50
AP-00281,21/03/2024,Córdoba,Tucumán,Córdoba-Tucumán,ATR 72,70,47,3248889,2336972,A tiempo,0
AP-00282,22/03/2024,Tucumán,Buenos Aires,Tucumán-Buenos Aires,Embraer 190,100,78,7955758,4754801,A tiempo,0
AP-00283,2024-03-22,Mendoza,BUENOS AIRES,Mendoza-Buenos Aires,Boeing 737-700,126,100,10688624,6926464,A tiempo,0
AP-00284,2024-03-23,Neuquén,Buenos Aires,Neuquén-Buenos Aires,Boeing 737-700,126,103,11047811,6873244,A tiempo,0
AP-00285,2024-03-23,Buenos Aires,Bariloche,Buenos Aires-Bariloche,Boeing 737-700,126,96,13348379,7996522,Demorado,50
AP-00286,2024-03-24,Córdoba,Buenos Aires,Córdoba-Buenos Aires,ATR 72,70,52,4212945,2463282,A tiempo,0
AP-00287,24/03/2024,Tucumán,Córdoba,Tucumán-Córdoba,ATR 72,70,36,2308884,2281705,A tiempo,0
AP-00288,24/03/2024,Tucumán,Buenos Aires,Tucumán-Buenos Aires,Embraer 190,100,76,7739641,4583402,A tiempo,0
AP-00289,2024-03-24,Mendoza,Córdoba,Mendoza-Córdoba,ATR 72,70,45,3312244,2454627,A tiempo,0
AP-00290,24/03/2024,Bariloche,Buenos Aires,Bariloche-Buenos Aires,Boeing 737-700,126,103,13613427,8180543,A tiempo,0
AP-00291,2024-03-24,Córdoba,Rosario,Córdoba-Rosario,ATR 72,70,34,1949005,2227060,A tiempo,0
AP-00292,2024-03-24,Córdoba,Buenos Aires,Córdoba-Buenos Aires,ATR 72,70,55,4159134,2410357,Demorado,19
AP-00293,2024-03-24,Salta,Buenos Aires,Salta-Buenos Aires,Boeing 737-700,126,102,12775872,7532840,A tiempo,0
AP-00294,25/03/2024,Salta,Tucumán,Salta-Tucumán,ATR 72,70,20,1049718,1905173,Demorado,65
AP-00295,25/03/2024,Rosario,Córdoba,Rosario-Córdoba,Embraer 190,100,53,3003753,3305787,A tiempo,0
AP-00296,25/03/2024,Ushuaia,Buenos Aires,Ushuaia-Buenos Aires,Boeing 737-700,126,89,19051991,10860292,A tiempo,0
AP-00297,2024-03-26,Salta,Buenos Aires,Salta-Buenos Aires,Boeing 737-700,126,101,12336799,7500255,A tiempo,0
AP-00298,26/03/2024,Salta,Mendoza,Salta-Mendoza,Boeing 737-700,126,44,4775919,7022465,Demorado,37
AP-00299,2024-03-26,Iguazú,Buenos Aires,Iguazú-Buenos Aires,Boeing 737-700,126,104,10769906,6723294,A tiempo,0
AP-00300,2024-03-26,Mendoza,CORDOBA,Mendoza-Córdoba,ATR 72,70,33,2640382,2472456,A tiempo,0
AP-00301,2024-03-26,Mendoza,Córdoba,Mendoza-Córdoba,ATR 72,70,41,2835583,2331115,A tiempo,0
AP-00302,26/03/2024,Buenos Aires,Córdoba,Buenos Aires-Córdoba,ATR 72,70,55,4168331,2493108,Demorado,21
AP-00303,27/03/2024,Mendoza,Buenos Aires,Mendoza-Buenos Aires,Boeing 737-700,126,106,10788978,6988797,A tiempo,0
AP-00304,27/03/2024,Buenos Aires,Neuquén,Buenos Aires-Neuquén,Embraer 190,100,83,7869596,4603519,Demorado,31
AP-00304,27/03/2024,Buenos Aires,Neuquén,Buenos Aires-Neuquén,Embraer 190,100,83,7869596,4603519,Demorado,31
AP-00305,2024-03-28,Buenos Aires,Mendoza,Buenos Aires-Mendoza,Embraer 190,100,77,7898568,4607858,A tiempo,0
AP-00306,28/03/2024,Buenos Aires,Bariloche,Buenos Aires-Bariloche,Boeing 737-700,126,94,12363464,8585037,Demorado,15
AP-00307,2024-03-29,Bariloche,Córdoba,Bariloche-Córdoba,Boeing 737-700,126,44,5776892,7593574,A tiempo,0
AP-00308,2024-03-29,Iguazú,Buenos Aires,Iguazú-Buenos Aires,Boeing 737-700,126,94,9909458,7259397,A tiempo,0
AP-00309,29/03/2024,Mendoza,Córdoba,Mendoza-Córdoba,ATR 72,70,45,3417721,2522964,A tiempo,0
AP-00310,29/03/2024,Iguazú,Buenos Aires,Iguazú-Buenos Aires,Boeing 737-700,126,99,9948499,6968736,A tiempo,0
AP-00311,2024-03-30,Iguazú,Buenos Aires,Iguazú-Buenos Aires,Embraer 190,100,67,7000271,4672790,A tiempo,0
AP-00312,30/03/2024,Buenos Aires,Córdoba,Buenos Aires-Córdoba,ATR 72,70,60,4534493,2503929,Demorado,27
AP-00313,30/03/2024,Salta,Buenos Aires,Salta-Buenos Aires,Boeing 737-700,126,107,13609437,7390456,A tiempo,0
AP-00314,2024-03-30,Bariloche,Buenos Aires,Bariloche-Buenos Aires,Boeing 737-700,126,102,15171734,8659266,A tiempo,0
AP-00315,2024-03-30,Buenos Aires,Salta,Buenos Aires-Salta,Boeing 737-700,126,88,10451079,7779718,Demorado,512
AP-00316,31/03/2024,Neuquén,Bariloche,Neuquén-Bariloche,ATR 72,70,46,2726809,2120679,A tiempo,0
AP-00317,2024-04-01,Salta,Buenos Aires,Salta-Buenos Aires,Boeing 737-700,126,97,11282333,7276085,A tiempo,0
AP-00318,01/04/2024,Buenos Aires,Tucumán,Buenos Aires-Tucumán,Embraer 190,100,80,9530362,5002356,A tiempo,0
AP-00319,2024-04-01,Tucumán,Buenos Aires,Tucumán-Buenos Aires,Boeing 737-700,126,93,9714274,7289297,A tiempo,0
AP-00320,2024-04-01,Buenos Aires,Córdoba,Buenos Aires-Córdoba,ATR 72,70,56,4510441,2621171,A tiempo,0
AP-00321,2024-04-01,Buenos Aires,Tucumán,Buenos Aires-Tucumán,Embraer 190,100,79,8022586,5050613,A tiempo,0
AP-00322,2024-04-01,Buenos Aires,Mendoza,Buenos Aires-Mendoza,Embraer 190,100,75,7115869,4531343,A tiempo,0
AP-00323,2024-04-02,Buenos Aires,Mendoza,Buenos Aires-Mendoza,Embraer 190,100,77,8164525,4718332,A tiempo,0
AP-00324,2024-04-02,Córdoba,Buenos Aires,Córdoba-Buenos Aires,ATR 72,70,51,3736022,2529261,A tiempo,0
AP-00325,03/04/2024,Salta,Buenos Aires,Salta-Buenos Aires,Boeing 737-700,126,92,11090779,7961369,A tiempo,0
AP-00326,2024-04-04,Córdoba,Mendoza,Córdoba-Mendoza,ATR 72,70,39,3130615,2546015,A tiempo,0
AP-00327,2024-04-04,Bariloche,Buenos Aires,Bariloche-Buenos Aires,Boeing 737-700,126,97,14584664,8547096,A tiempo,0
AP-00328,2024-04-04,Buenos Aires,Bariloche,Buenos Aires-Bariloche,Boeing 737-700,126,101,14942446,8771747,A tiempo,0
AP-00329,2024-04-04,Neuquén,Buenos Aires,Neuquén-Buenos Aires,Embraer 190,100,81,7750526,4418272,A tiempo,0
AP-00330,2024-04-04,Mendoza,Buenos Aires,Mendoza-Buenos Aires,Embraer 190,100,80,8474180,4721974,Demorado,86
AP-00331,05/04/2024,Mendoza,Salta,Mendoza-Salta,Embraer 190,100,32,3338652,4519295,A tiempo,0
AP-00332,2024-04-05,Ushuaia,BUENOS AIRES,Ushuaia-Buenos Aires,Boeing 737-700,126,89,17046630,10312078,A tiempo,0
AP-00333,05/04/2024,Buenos Aires,Tucumán,Buenos Aires-Tucumán,Boeing 737-700,126,0,0,1475159,Cancelado,0
AP-00334,05/04/2024,Buenos Aires,Iguazú,Buenos Aires-Iguazú,Embraer 190,100,75,8124912,4673902,A tiempo,0
AP-00335,06/04/2024,Buenos Aires,Mendoza,Buenos Aires-Mendoza,Embraer 190,100,88,9617944,4716412,A tiempo,0
AP-00336,2024-04-07,Buenos Aires,Iguazú,Buenos Aires-Iguazú,Embraer 190,100,79,8128431,4780995,A tiempo,0
AP-00337,07/04/2024,Buenos Aires,Salta,Buenos Aires-Salta,Embraer 190,100,77,10173612,5048905,A tiempo,0
AP-00338,2024-04-07,Salta,Mendoza,Salta-Mendoza,Embraer 190,100,37,3856226,4591289,A tiempo,0
AP-00339,2024-04-08,Mendoza,Buenos Aires,Mendoza-Buenos Aires,Embraer 190,100,82,7862611,4634038,Demorado,35
AP-00340,08/04/2024,Buenos Aires,Ushuaia,Buenos Aires-Ushuaia,Boeing 737-700,126,101,20535709,10831258,A tiempo,0
AP-00341,08/04/2024,Iguazú,Buenos Aires,Iguazú-Buenos Aires,Boeing 737-700,126,102,10559029,6858021,Demorado,29
AP-00342,08/04/2024,Córdoba,Buenos Aires,Córdoba-Buenos Aires,ATR 72,70,48,3928934,2559172,A tiempo,0
AP-00343,2024-04-08,Buenos Aires,Salta,Buenos Aires-Salta,Boeing 737-700,126,89,11685539,7889457,Demorado,73
AP-00344,08/04/2024,Mendoza,Córdoba,Mendoza-Córdoba,ATR 72,70,44,3554019,2410447,Demorado,119
AP-00345,2024-04-08,Bariloche,Neuquén,Bariloche-Neuquén,ATR 72,70,38,2090856,2029015,Demorado,163
AP-00346,08/04/2024,Bariloche,BUENOS AIRES,Bariloche-Buenos Aires,Boeing 737-700,126,103,16017541,8545619,A tiempo,0
AP-00347,2024-04-08,Bariloche,Neuquén,Bariloche-Neuquén,ATR 72,70,43,2376304,2017597,A tiempo,0
AP-00348,2024-04-08,Tucumán,Mendoza,Tucumán-Mendoza,Boeing 737-700,126,39,3592947,6425647,A tiempo,0
AP-00349,2024-04-08,Tucumán,Córdoba,Tucumán-Córdoba,ATR 72,70,40,2846275,2280289,A tiempo,0
AP-00350,2024-04-09,Mendoza,Buenos Aires,Mendoza-Buenos Aires,Embraer 190,100,75,7189109,4416462,Demorado,26
AP-00351,2024-04-09,Mendoza,Córdoba,Mendoza-Córdoba,ATR 72,70,42,3063853,2358500,Demorado,59
AP-00352,10/04/2024,Salta,Buenos Aires,Salta-Buenos Aires,Boeing 737-700,126,105,13449515,7281511,A tiempo,0
AP-00353,2024-04-10,Salta,Tucumán,Salta-Tucumán,Embraer 190,100,42,2354166,3362406,Demorado,28
AP-00354,2024-04-11,Ushuaia,Buenos Aires,Ushuaia-Buenos Aires,Boeing 737-700,126,95,18334026,10688000,A tiempo,0
AP-00355,11/04/2024,Buenos Aires,Mendoza,Buenos Aires-Mendoza,Embraer 190,100,76,7864336,4826727,A tiempo,0
AP-00356,2024-04-11,Córdoba,Mendoza,Córdoba-Mendoza,ATR 72,70,36,2820898,2448107,A tiempo,0
AP-00357,2024-04-11,Buenos Aires,Salta,Buenos Aires-Salta,Boeing 737-700,126,99,12643308,7913615,Demorado,70
AP-00358,2024-04-11,Salta,Tucumán,Salta-Tucumán,ATR 72,70,25,1281129,1992454,A tiempo,0
AP-00359,2024-04-12,Salta,Tucumán,Salta-Tucumán,ATR 72,70,25,1434370,2068602,A tiempo,0
AP-00360,2024-04-12,Neuquén,Buenos Aires,Neuquén-Buenos Aires,Embraer 190,100,83,8497980,4819410,A tiempo,0
AP-00361,12/04/2024,Mendoza,Buenos Aires,Mendoza-Buenos Aires,Embraer 190,100,85,8770391,4638129,A tiempo,0
AP-00362,2024-04-13,Rosario,Buenos Aires,Rosario-Buenos Aires,ATR 72,70,48,2594419,1987889,A tiempo,0
AP-00363,13/04/2024,Buenos Aires,Córdoba,Buenos Aires-Córdoba,ATR 72,70,54,3996042,2503532,A tiempo,0
AP-00364,13/04/2024,Córdoba,Buenos Aires,Córdoba-Buenos Aires,ATR 72,70,55,4266323,2632617,A tiempo,0
AP-00365,2024-04-13,Bariloche,Neuquén,Bariloche-Neuquén,ATR 72,70,43,2277965,2021547,A tiempo,0
AP-00366,14/04/2024,Mendoza,Buenos Aires,Mendoza-Buenos Aires,Embraer 190,100,80,7574550,4486857,A tiempo,0
AP-00367,2024-04-15,Salta,BUENOS AIRES,Salta-Buenos Aires,Boeing 737-700,126,96,12774611,8039805,A tiempo,0
AP-00368,15/04/2024,Mendoza,Tucumán,Mendoza-Tucumán,Boeing 737-700,126,38,3630786,6748911,A tiempo,0
AP-00369,15/04/2024,Buenos Aires,Salta,Buenos Aires-Salta,Boeing 737-700,126,102,12796624,7293618,A tiempo,0
AP-00370,2024-04-15,Bariloche,Buenos Aires,Bariloche-Buenos Aires,Boeing 737-700,126,0,0,1595351,Cancelado,0
AP-00371,15/04/2024,Córdoba,Salta,Córdoba-Salta,ATR 72,70,20,1611434,2624644,Demorado,88
AP-00372,2024-04-15,Buenos Aires,Córdoba,Buenos Aires-Córdoba,ATR 72,70,47,3855446,2620692,A tiempo,0
AP-00373,16/04/2024,Mendoza,Córdoba,Mendoza-Córdoba,Embraer 190,100,61,4594107,3950488,A tiempo,0
AP-00374,16/04/2024,Tucumán,Salta,Tucumán-Salta,ATR 72,70,22,1237504,1918894,A tiempo,0
AP-00375,16/04/2024,Salta,Córdoba,Salta-Córdoba,ATR 72,70,26,2224275,2706305,A tiempo,0
AP-00376,17/04/2024,Neuquén,Buenos Aires,Neuquén-Buenos Aires,Boeing 737-700,126,105,11026898,6620390,A tiempo,0
AP-00377,17/04/2024,Buenos Aires,Bariloche,Buenos Aires-Bariloche,Boeing 737-700,126,101,14641949,8791974,A tiempo,0
AP-00378,2024-04-17,Bariloche,Buenos Aires,Bariloche-Buenos Aires,Boeing 737-700,126,97,13922237,8073133,A tiempo,0
AP-00379,2024-04-17,Bariloche,Neuquén,Bariloche-Neuquén,ATR 72,70,42,2289915,2128227,A tiempo,0
AP-00380,18/04/2024,Salta,Mendoza,Salta-Mendoza,Embraer 190,100,30,3265748,4693435,A tiempo,0
AP-00381,18/04/2024,Buenos Aires,Ushuaia,Buenos Aires-Ushuaia,Embraer 190,100,72,15558483,7881838,A tiempo,0
AP-00382,2024-04-18,Buenos Aires,Bariloche,Buenos Aires-Bariloche,Boeing 737-700,126,102,14491201,8592413,A tiempo,0
AP-00382,2024-04-18,Buenos Aires,Bariloche,Buenos Aires-Bariloche,Boeing 737-700,126,102,14491201,8592413,A tiempo,0
AP-00383,2024-04-19,Buenos Aires,Mendoza,Buenos Aires-Mendoza,Embraer 190,100,80,7861263,4523308,A tiempo,0
AP-00384,2024-04-20,Buenos Aires,Córdoba,Buenos Aires-Córdoba,ATR 72,70,53,4021684,2528037,Demorado,15
AP-00385,2024-04-20,Rosario,BUENOS AIRES,Rosario-Buenos Aires,Embraer 190,100,75,4019671,3305844,A tiempo,0
AP-00386,2024-04-20,Buenos Aires,Tucuman,Buenos Aires-Tucumán,Embraer 190,100,75,8636044,4797260,Demorado,24
AP-00387,2024-04-20,Salta,Córdoba,Salta-Córdoba,ATR 72,70,23,1884266,2466195,A tiempo,0
AP-00388,2024-04-21,Córdoba,Mendoza,Córdoba-Mendoza,ATR 72,70,38,2786625,2558914,Demorado,18
AP-00389,22/04/2024,Buenos Aires,Mendoza,Buenos Aires-Mendoza,Embraer 190,100,74,6992996,4639955,A tiempo,0
AP-00390,22/04/2024,Iguazú,Buenos Aires,Iguazú-Buenos Aires,Embraer 190,100,70,7664441,4770731,Demorado,58
AP-00391,2024-04-22,Buenos Aires,Tucumán,Buenos Aires-Tucumán,Embraer 190,100,72,7587860,4880382,A tiempo,0
AP-00392,2024-04-22,Buenos Aires,Iguazú,Buenos Aires-Iguazú,Embraer 190,100,79,8805984,4648584,A tiempo,0
AP-00393,22/04/2024,Mendoza,Córdoba,Mendoza-Córdoba,ATR 72,70,40,3134524,2399828,A tiempo,0
AP-00394,2024-04-22,Neuquén,Bariloche,Neuquén-Bariloche,ATR 72,70,43,2498845,2038269,A tiempo,0
AP-00395,2024-04-22,Tucumán,Córdoba,Tucumán-Córdoba,Embraer 190,100,59,4018840,3711969,A tiempo,0
AP-00396,2024-04-23,Buenos Aires,Bariloche,Buenos Aires-Bariloche,Boeing 737-700,126,93,12515882,8521765,A tiempo,0
AP-00397,23/04/2024,Córdoba,Buenos Aires,Córdoba-Buenos Aires,ATR 72,70,50,3813868,2593569,A tiempo,0
AP-00398,23/04/2024,Córdoba,Mendoza,Córdoba-Mendoza,ATR 72,70,44,3204065,2459929,A tiempo,0
AP-00399,23/04/2024,Buenos Aires,Córdoba,Buenos Aires-Córdoba,ATR 72,70,54,4596014,2556885,Demorado,19
AP-00400,24/04/2024,Buenos Aires,Salta,Buenos Aires-Salta,Boeing 737-700,126,91,11367257,7385272,A tiempo,0
AP-00401,24/04/2024,Buenos Aires,Córdoba,Buenos Aires-Córdoba,Embraer 190,100,73,5717337,3867264,A tiempo,0
AP-00402,2024-04-24,Neuquén,Buenos Aires,Neuquén-Buenos Aires,Boeing 737-700,126,101,10868808,6967891,A tiempo,0
AP-00403,2024-04-25,Buenos Aires,Mendoza,Buenos Aires-Mendoza,Boeing 737-700,126,110,11500991,6962946,A tiempo,0
AP-00404,2024-04-25,Neuquén,Buenos Aires,Neuquén-Buenos Aires,Embraer 190,100,77,7953364,4479182,Demorado,89
AP-00405,2024-04-25,Salta,Tucumán,Salta-Tucumán,ATR 72,70,26,1481719,2094353,A tiempo,0
AP-00406,2024-04-26,Córdoba,BUENOS AIRES,Córdoba-Buenos Aires,Embraer 190,100,75,5781178,3775338,A tiempo,0
AP-00407,26/04/2024,Córdoba,Buenos Aires,Córdoba-Buenos Aires,ATR 72,70,50,3878904,2436512,A tiempo,0
AP-00408,26/04/2024,Buenos Aires,Salta,Buenos Aires-Salta,Boeing 737-700,126,96,12187488,7659937,A tiempo,0
AP-00409,26/04/2024,Mendoza,Salta,Mendoza-Salta,Embraer 190,100,25,2469597,4626567,A tiempo,0
AP-00410,2024-04-26,Bariloche,Buenos Aires,Bariloche-Buenos Aires,Boeing 737-700,126,100,14546163,8703396,A tiempo,0
AP-00411,2024-04-26,Salta,Buenos Aires,Salta-Buenos Aires,Boeing 737-700,126,91,10514172,7891333,Demorado,19
AP-00412,2024-04-26,Córdoba,Buenos Aires,Córdoba-Buenos Aires,ATR 72,70,53,3943455,2637995,A tiempo,0
AP-00413,2024-04-27,Mendoza,Córdoba,Mendoza-Córdoba,ATR 72,70,43,3236498,2499461,A tiempo,0
AP-00414,2024-04-27,Tucumán,Buenos Aires,Tucumán-Buenos Aires,Embraer 190,100,79,9202387,4800015,A tiempo,0
AP-00415,2024-04-27,Mendoza,Córdoba,Mendoza-Córdoba,ATR 72,70,40,2868052,2359116,A tiempo,0
AP-00416,2024-04-27,Salta,Córdoba,Salta-Córdoba,ATR 72,70,24,1938985,2657891,Demorado,49
AP-00417,2024-04-27,Buenos Aires,Bariloche,Buenos Aires-Bariloche,Embraer 190,100,76,10498297,6042411,Demorado,26
AP-00418,2024-04-27,Bariloche,Neuquén,Bariloche-Neuquén,Embraer 190,100,65,3570449,3310080,A tiempo,0
AP-00419,2024-04-28,Buenos Aires,Córdoba,Buenos Aires-Córdoba,ATR 72,70,55,4010684,2534060,A tiempo,0
AP-00420,2024-04-28,Salta,Mendoza,Salta-Mendoza,Embraer 190,100,35,3824256,4557679,A tiempo,0
AP-00421,2024-04-28,Neuquén,Buenos Aires,Neuquén-Buenos Aires,Embraer 190,100,80,7774276,4605263,A tiempo,0
AP-00422,2024-04-28,Salta,Mendoza,Salta-Mendoza,Embraer 190,100,39,4145735,4652643,A tiempo,0
AP-00423,2024-04-29,Buenos Aires,Córdoba,Buenos Aires-Córdoba,ATR 72,70,57,4405435,2458614,Demorado,50
AP-00424,2024-04-29,Buenos Aires,Mendoza,Buenos Aires-Mendoza,Boeing 737-700,126,106,10767373,6891758,A tiempo,0
AP-00425,2024-04-29,Buenos Aires,Salta,Buenos Aires-Salta,Boeing 737-700,126,100,12523362,7626101,A tiempo,0
AP-00426,2024-04-29,Salta,Buenos Aires,Salta-Buenos Aires,Boeing 737-700,126,102,12867955,7753438,A tiempo,0
AP-00426,2024-04-29,Salta,Buenos Aires,Salta-Buenos Aires,Boeing 737-700,126,102,12867955,7753438,A tiempo,0
AP-00427,2024-04-29,Buenos Aires,Bariloche,Buenos Aires-Bariloche,Boeing 737-700,126,96,14033958,8011494,A tiempo,0
AP-00428,30/04/2024,Buenos Aires,Salta,Buenos Aires-Salta,Boeing 737-700,126,104,13392651,7927426,A tiempo,0
AP-00429,2024-04-30,Buenos Aires,Mendoza,Buenos Aires-Mendoza,Embraer 190,100,75,7204379,4760750,A tiempo,0
AP-00430,2024-05-01,Tucumán,Buenos Aires,Tucumán-Buenos Aires,Boeing 737-700,126,101,11593955,7515573,A tiempo,0
AP-00431,2024-05-01,Neuquén,BARILOCHE,Neuquén-Bariloche,ATR 72,70,51,2848473,2148190,A tiempo,0
AP-00432,2024-05-01,Buenos Aires,Ushuaia,Buenos Aires-Ushuaia,Boeing 737-700,126,111,21810408,11258807,Demorado,37
AP-00433,2024-05-02,Córdoba,Buenos Aires,Córdoba-Buenos Aires,ATR 72,70,55,4078744,2498784,A tiempo,0
AP-00434,2024-05-03,Tucumán,Buenos Aires,Tucumán-Buenos Aires,Embraer 190,100,80,8269637,4949761,A tiempo,0
AP-00435,03/05/2024,Córdoba,BUENOS AIRES,Córdoba-Buenos Aires,ATR 72,70,61,5260382,2462191,A tiempo,0
AP-00436,2024-05-03,Tucumán,Mendoza,Tucumán-Mendoza,Embraer 190,100,43,4182683,4632659,A tiempo,0
AP-00437,03/05/2024,Buenos Aires,Mendoza,Buenos Aires-Mendoza,Embraer 190,100,87,9645965,4615907,A tiempo,0
AP-00438,04/05/2024,Buenos Aires,Rosario,Buenos Aires-Rosario,ATR 72,70,59,3443259,1992992,A tiempo,0
AP-00439,2024-05-05,Mendoza,Tucumán,Mendoza-Tucumán,Embraer 190,100,33,3295325,4760480,A tiempo,0
AP-00440,2024-05-05,Neuquén,Bariloche,Neuquén-Bariloche,ATR 72,70,50,2998030,2041482,A tiempo,0
AP-00441,2024-05-05,Rosario,Buenos Aires,Rosario-Buenos Aires,ATR 72,70,58,3314910,1987624,A tiempo,0
AP-00442,05/05/2024,Tucumán,Córdoba,Tucumán-Córdoba,ATR 72,70,47,3485931,2413270,Demorado,47
AP-00443,06/05/2024,Salta,Tucumán,Salta-Tucumán,ATR 72,70,30,1698266,2085621,Demorado,96
AP-00444,2024-05-06,Buenos Aires,Neuquén,Buenos Aires-Neuquén,Embraer 190,100,89,9420643,4873014,A tiempo,0
AP-00445,06/05/2024,Buenos Aires,Iguazú,Buenos Aires-Iguazú,Boeing 737-700,126,107,11174041,7153758,Demorado,29
AP-00446,2024-05-07,Buenos Aires,Neuquén,Buenos Aires-Neuquén,Boeing 737-700,126,109,11346961,7101066,A tiempo,0
AP-00447,2024-05-07,Iguazú,Buenos Aires,Iguazú-Buenos Aires,Embraer 190,100,79,9389432,5065794,Demorado,18
AP-00448,2024-05-07,Neuquén,Bs As,Neuquén-Buenos Aires,Embraer 190,100,81,8090460,4802577,A tiempo,0
AP-00449,07/05/2024,Buenos Aires,Tucumán,Buenos Aires-Tucumán,Boeing 737-700,126,103,11644724,7145853,A tiempo,0
AP-00450,2024-05-08,Buenos Aires,Bariloche,Buenos Aires-Bariloche,Boeing 737-700,126,105,14799882,8424749,A tiempo,0
AP-00451,2024-05-08,Mendoza,Bs As,Mendoza-Buenos Aires,Embraer 190,100,89,9515566,4913062,A tiempo,0
AP-00452,2024-05-09,Córdoba,Buenos Aires,Córdoba-Buenos Aires,ATR 72,70,62,5112389,2600390,A tiempo,0
AP-00453,09/05/2024,Bariloche,Bs As,Bariloche-Buenos Aires,Boeing 737-700,126,106,16292142,8392535,A tiempo,0
AP-00454,09/05/2024,Buenos Aires,Córdoba,Buenos Aires-Córdoba,Embraer 190,100,89,7232015,3839232,A tiempo,0
AP-00455,2024-05-09,Iguazú,Buenos Aires,Iguazú-Buenos Aires,Embraer 190,100,82,8480342,5082741,A tiempo,0
AP-00456,2024-05-09,Bariloche,Buenos Aires,Bariloche-Buenos Aires,Boeing 737-700,126,93,14348700,8631692,Demorado,45
AP-00457,2024-05-09,Bariloche,Neuquén,Bariloche-Neuquén,ATR 72,70,45,2491534,2121408,A tiempo,0
AP-00458,09/05/2024,Córdoba,Buenos Aires,Córdoba-Buenos Aires,ATR 72,70,55,4284399,2482808,A tiempo,0
AP-00459,2024-05-09,Buenos Aires,Bariloche,Buenos Aires-Bariloche,Boeing 737-700,126,96,13264070,8312535,A tiempo,0
AP-00460,2024-05-10,Mendoza,Córdoba,Mendoza-Córdoba,ATR 72,70,46,3579151,2505541,Demorado,59
AP-00461,10/05/2024,Buenos Aires,Iguazú,Buenos Aires-Iguazú,Embraer 190,100,79,9025992,4898472,A tiempo,0
AP-00462,2024-05-10,Buenos Aires,Córdoba,Buenos Aires-Córdoba,Embraer 190,100,81,6286225,4223052,A tiempo,0
AP-00463,2024-05-10,Salta,Mendoza,Salta-Mendoza,Boeing 737-700,126,52,5495226,6790334,A tiempo,0
AP-00464,2024-05-11,Mendoza,Salta,Mendoza-Salta,Boeing 737-700,126,47,4705433,6999908,A tiempo,0
AP-00465,2024-05-11,Buenos Aires,Salta,Buenos Aires-Salta,Boeing 737-700,126,93,11152494,7923669,A tiempo,0
AP-00466,12/05/2024,Buenos Aires,Salta,Buenos Aires-Salta,Embraer 190,100,85,10330413,5393028,A tiempo,0
AP-00467,2024-05-12,Salta,Tucumán,Salta-Tucumán,ATR 72,70,0,0,405063,Cancelado,0
AP-00468,2024-05-12,Buenos Aires,Neuquén,Buenos Aires-Neuquén,Embraer 190,100,92,9752717,4721795,A tiempo,0
AP-00469,2024-05-12,Iguazú,Buenos Aires,Iguazú-Buenos Aires,Embraer 190,100,80,8897580,4928644,A tiempo,0
AP-00470,2024-05-12,Tucumán,Córdoba,Tucumán-Córdoba,ATR 72,70,49,3239316,2266867,A tiempo,0
AP-00471,2024-05-12,Bariloche,Buenos Aires,Bariloche-Buenos Aires,Boeing 737-700,126,109,15589158,8193867,A tiempo,0
AP-00472,13/05/2024,Buenos Aires,Tucumán,Buenos Aires-Tucumán,Embraer 190,100,0,0,989253,Cancelado,0
AP-00473,2024-05-13,Bariloche,Buenos Aires,Bariloche-Buenos Aires,Boeing 737-700,126,100,14137449,8541068,A tiempo,0
AP-00473,2024-05-13,Bariloche,Buenos Aires,Bariloche-Buenos Aires,Boeing 737-700,126,100,14137449,8541068,A tiempo,0
AP-00474,13/05/2024,Rosario,Córdoba,Rosario-Córdoba,ATR 72,70,39,2480959,2265853,A tiempo,0
AP-00475,14/05/2024,Iguazú,Buenos Aires,Iguazú-Buenos Aires,Embraer 190,100,78,9352439,4801624,A tiempo,0
AP-00476,2024-05-14,Neuquén,Buenos Aires,Neuquén-Buenos Aires,Embraer 190,100,91,9344705,4626765,A tiempo,0
AP-00477,16/05/2024,Bariloche,Buenos Aires,Bariloche-Buenos Aires,Boeing 737-700,126,109,17173180,8357024,A tiempo,0
AP-00478,16/05/2024,Bariloche,Buenos Aires,Bariloche-Buenos Aires,Boeing 737-700,126,114,17428310,8277645,A tiempo,0
AP-00479,16/05/2024,Ushuaia,Buenos Aires,Ushuaia-Buenos Aires,Boeing 737-700,126,103,20849321,11393508,A tiempo,0
AP-00480,2024-05-16,Mendoza,Córdoba,Mendoza-Córdoba,Embraer 190,100,64,5138724,4045865,A tiempo,0
AP-00481,17/05/2024,Ushuaia,Buenos Aires,Ushuaia-Buenos Aires,Embraer 190,100,86,17955410,7835875,A tiempo,0
AP-00482,2024-05-18,Córdoba,Buenos Aires,Córdoba-Buenos Aires,ATR 72,70,62,4935890,2573415,A tiempo,0
AP-00483,2024-05-18,Salta,Mendoza,Salta-Mendoza,Embraer 190,100,36,3841132,4573708,A tiempo,0
AP-00484,19/05/2024,Buenos Aires,Córdoba,Buenos Aires-Córdoba,ATR 72,70,58,4462494,2513894,A tiempo,0
AP-00485,2024-05-19,Mendoza,Tucumán,Mendoza-Tucumán,Embraer 190,100,41,3975328,4452574,Demorado,58
AP-00486,20/05/2024,Córdoba,Buenos Aires,Córdoba-Buenos Aires,ATR 72,70,58,4682592,2657855,A tiempo,0
AP-00487,2024-05-20,Buenos Aires,Rosario,Buenos Aires-Rosario,ATR 72,70,55,3028588,2034971,A tiempo,0
AP-00488,2024-05-20,Buenos Aires,Córdoba,Buenos Aires-Córdoba,Embraer 190,100,80,5966352,4220284,A tiempo,0
AP-00489,20/05/2024,Córdoba,Salta,Córdoba-Salta,ATR 72,70,22,1962070,2636717,Demorado,85
AP-00490,20/05/2024,Buenos Aires,Ushuaia,Buenos Aires-Ushuaia,Boeing 737-700,126,0,0,10500746,A tiempo,0
AP-00491,21/05/2024,Mendoza,Buenos Aires,Mendoza-Buenos Aires,Embraer 190,100,91,10023952,4693277,A tiempo,0
AP-00492,2024-05-22,Salta,Buenos Aires,Salta-Buenos Aires,Boeing 737-700,126,101,13017862,8062737,A tiempo,0
AP-00493,22/05/2024,Mendoza,Buenos Aires,Mendoza-Buenos Aires,Embraer 190,100,91,9033074,4858045,A tiempo,0
AP-00494,22/05/2024,Buenos Aires,Mendoza,Buenos Aires-Mendoza,Embraer 190,100,78,8111488,4746827,A tiempo,0
AP-00495,22/05/2024,Córdoba,Bariloche,Córdoba-Bariloche,Boeing 737-700,126,45,5814807,7986529,A tiempo,0
AP-00496,2024-05-22,Buenos Aires,Tucumán,Buenos Aires-Tucumán,Embraer 190,100,81,9515127,4813791,Demorado,63
AP-00497,2024-05-22,Rosario,Córdoba,Rosario-Córdoba,ATR 72,70,42,2408580,2244301,A tiempo,0
AP-00498,23/05/2024,Buenos Aires,Neuquén,Buenos Aires-Neuquén,Embraer 190,100,87,9250697,4905303,A tiempo,0
AP-00499,23/05/2024,Neuquén,Buenos Aires,Neuquén-Buenos Aires,Embraer 190,100,84,9245770,4853596,Demorado,20
AP-00500,2024-05-23,Mendoza,Buenos Aires,Mendoza-Buenos Aires,Embraer 190,100,87,8407918,4744069,A tiempo,0
AP-00501,23/05/2024,Bariloche,Buenos Aires,Bariloche-Buenos Aires,Boeing 737-700,126,112,16546943,8196044,Demorado,45
AP-00502,2024-05-23,Córdoba,ROSARIO,Córdoba-Rosario,ATR 72,70,37,2158422,2258173,A tiempo,0
AP-00503,23/05/2024,Mendoza,Tucumán,Mendoza-Tucumán,Embraer 190,100,36,3603749,4369692,A tiempo,0
AP-00504,24/05/2024,Buenos Aires,Bariloche,Buenos Aires-Bariloche,Boeing 737-700,126,106,15077141,8849354,Demorado,16
AP-00505,2024-05-24,Bariloche,Buenos Aires,Bariloche-Buenos Aires,Boeing 737-700,126,108,14607708,8267560,A tiempo,0
AP-00506,2024-05-24,Buenos Aires,Ushuaia,Buenos Aires-Ushuaia,Boeing 737-700,126,102,23066239,10344611,A tiempo,0
AP-00507,2024-05-24,Salta,Tucumán,Salta-Tucumán,Embraer 190,100,36,1875578,3425544,A tiempo,0
AP-00508,2024-05-24,Bariloche,Buenos Aires,Bariloche-Buenos Aires,Boeing 737-700,126,107,16964098,8310130,A tiempo,0
AP-00509,2024-05-24,Buenos Aires,Tucumán,Buenos Aires-Tucumán,Embraer 190,100,81,9003432,4883196,A tiempo,0
AP-00510,2024-05-24,Salta,Mendoza,Salta-Mendoza,Boeing 737-700,126,44,4301534,7066881,Demorado,122
AP-00511,2024-05-25,Buenos Aires,Córdoba,Buenos Aires-Córdoba,ATR 72,70,59,4557843,2538752,Demorado,19
AP-00512,2024-05-25,Buenos Aires,Cordoba,Buenos Aires-Córdoba,ATR 72,70,59,4967448,2504754,Demorado,48
AP-00513,25/05/2024,Buenos Aires,Iguazú,Buenos Aires-Iguazú,Boeing 737-700,126,92,10160523,7015438,Demorado,47
AP-00514,25/05/2024,Salta,Córdoba,Salta-Córdoba,ATR 72,70,20,1616489,2716945,A tiempo,0
AP-00515,25/05/2024,Buenos Aires,BARILOCHE,Buenos Aires-Bariloche,Boeing 737-700,126,111,16675309,8423580,A tiempo,0
AP-00516,2024-05-26,Ushuaia,Buenos Aires,Ushuaia-Buenos Aires,Boeing 737-700,126,94,20324583,11040005,A tiempo,0
AP-00517,2024-05-26,Tucumán,Buenos Aires,Tucumán-Buenos Aires,Embraer 190,100,0,0,938791,Cancelado,0
AP-00518,26/05/2024,Ushuaia,Buenos Aires,Ushuaia-Buenos Aires,Boeing 737-700,126,104,22308298,10633040,A tiempo,0
AP-00519,2024-05-26,Buenos Aires,Neuquén,Buenos Aires-Neuquén,Boeing 737-700,126,117,11577753,6618888,Demorado,68
AP-00520,26/05/2024,Buenos Aires,Ushuaia,Buenos Aires-Ushuaia,Boeing 737-700,126,111,21787228,11343428,A tiempo,0
AP-00521,2024-05-27,Tucumán,BUENOS AIRES,Tucumán-Buenos Aires,Boeing 737-700,126,99,11894696,6958082,A tiempo,0
AP-00522,2024-05-27,Buenos Aires,ushuaia,Buenos Aires-Ushuaia,Boeing 737-700,126,103,20644813,10575408,A tiempo,0
AP-00523,2024-05-27,Buenos Aires,Iguazú,Buenos Aires-Iguazú,Embraer 190,100,78,8660154,5147647,A tiempo,0
AP-00524,28/05/2024,Iguazú,Buenos Aires,Iguazú-Buenos Aires,Boeing 737-700,126,98,10658800,7163408,A tiempo,0
AP-00525,2024-05-28,Tucumán,Córdoba,Tucumán-Córdoba,Embraer 190,100,63,4239580,3572635,Demorado,28
AP-00526,2024-05-28,Buenos Aires,Córdoba,Buenos Aires-Córdoba,ATR 72,70,56,4555198,2445090,A tiempo,0
AP-00527,2024-05-28,Tucumán,Córdoba,Tucumán-Córdoba,ATR 72,70,48,3194316,2254009,A tiempo,0
AP-00528,28/05/2024,Córdoba,Tucumán,Córdoba-Tucumán,ATR 72,70,44,3072570,2438884,A tiempo,0
AP-00529,29/05/2024,Bariloche,Buenos Aires,Bariloche-Buenos Aires,Boeing 737-700,126,101,15853997,8297701,A tiempo,0
AP-00530,2024-05-30,Ushuaia,Buenos Aires,Ushuaia-Buenos Aires,Boeing 737-700,126,97,20381630,11165154,A tiempo,0
AP-00531,2024-05-30,Buenos Aires,Tucumán,Buenos Aires-Tucumán,Boeing 737-700,126,95,10908247,7367958,A tiempo,0
AP-00532,2024-05-30,Buenos Aires,Bariloche,Buenos Aires-Bariloche,Boeing 737-700,126,109,16881167,8502937,A tiempo,0
AP-00533,2024-05-30,Buenos Aires,Tucumán,Buenos Aires-Tucumán,Embraer 190,100,80,9223344,4866709,A tiempo,0
AP-00534,2024-05-31,Buenos Aires,Córdoba,Buenos Aires-Córdoba,ATR 72,70,57,4311106,2670300,Demorado,23
AP-00535,2024-05-31,Buenos Aires,Bariloche,Buenos Aires-Bariloche,Boeing 737-700,126,103,15147413,8473510,A tiempo,0
AP-00536,31/05/2024,Neuquén,Bariloche,Neuquén-Bariloche,ATR 72,70,46,2634437,2051320,A tiempo,0
AP-00537,31/05/2024,Bariloche,Buenos Aires,Bariloche-Buenos Aires,Boeing 737-700,126,114,16007555,8503477,A tiempo,0
AP-00538,2024-06-01,Neuquén,Bariloche,Neuquén-Bariloche,ATR 72,70,48,2597395,2084452,A tiempo,0
AP-00539,01/06/2024,Iguazú,Buenos Aires,Iguazú-Buenos Aires,Embraer 190,100,73,8165490,5223396,A tiempo,0
AP-00540,2024-06-01,Salta,Mendoza,Salta-Mendoza,Boeing 737-700,126,43,4467538,6857440,A tiempo,0
AP-00541,2024-06-01,Iguazú,Bs As,Iguazú-Buenos Aires,Boeing 737-700,126,103,12391584,7208315,A tiempo,0
AP-00542,2024-06-02,Buenos Aires,Cordoba,Buenos Aires-Córdoba,ATR 72,70,54,4331677,2521717,A tiempo,0
AP-00543,2024-06-02,Neuquén,Buenos Aires,Neuquén-Buenos Aires,Boeing 737-700,126,113,11502076,7301000,A tiempo,0
AP-00544,2024-06-02,Buenos Aires,Córdoba,Buenos Aires-Córdoba,ATR 72,70,62,5368828,2617436,A tiempo,0
AP-00545,02/06/2024,Buenos Aires,Tucumán,Buenos Aires-Tucumán,Boeing 737-700,126,108,11462696,7324345,A tiempo,0
AP-00546,2024-06-02,Salta,Córdoba,Salta-Córdoba,ATR 72,70,23,2057340,2795879,A tiempo,0
AP-00547,2024-06-03,Buenos Aires,Mendoza,Buenos Aires-Mendoza,Embraer 190,100,91,9544251,4868033,A tiempo,0
AP-00548,03/06/2024,Salta,Buenos Aires,Salta-Buenos Aires,Embraer 190,100,86,11768424,5666575,A tiempo,0
AP-00549,04/06/2024,Córdoba,Mendoza,Córdoba-Mendoza,Embraer 190,100,69,5220254,4017376,A tiempo,0
AP-00550,2024-06-04,Salta,Mendoza,Salta-Mendoza,Embraer 190,100,36,3918865,4785593,Demorado,30
AP-00551,2024-06-04,Neuquén,Buenos Aires,Neuquén-Buenos Aires,Embraer 190,100,92,9564954,4737200,A tiempo,0
AP-00552,2024-06-04,Buenos Aires,Bariloche,Buenos Aires-Bariloche,Boeing 737-700,126,116,17511857,8611955,A tiempo,0
AP-00553,05/06/2024,Neuquén,Buenos Aires,Neuquén-Buenos Aires,Embraer 190,100,78,7889022,4539157,A tiempo,0
AP-00554,2024-06-05,Bariloche,Buenos Aires,Bariloche-Buenos Aires,Boeing 737-700,126,104,15036060,8862886,Demorado,74
AP-00555,2024-06-05,Buenos Aires,Rosario,Buenos Aires-Rosario,ATR 72,70,57,3075447,2003475,A tiempo,0
AP-00556,2024-06-05,Bariloche,Córdoba,Bariloche-Córdoba,Boeing 737-700,126,47,6281664,8260057,A tiempo,0
AP-00557,2024-06-05,Córdoba,Mendoza,Córdoba-Mendoza,ATR 72,70,43,3177981,2552646,A tiempo,0
AP-00558,2024-06-06,Córdoba,Tucumán,Córdoba-Tucumán,ATR 72,70,47,3095828,2451120,Demorado,34
AP-00559,2024-06-06,Córdoba,Buenos Aires,Córdoba-Buenos Aires,ATR 72,70,58,4721463,2663049,A tiempo,0
AP-00560,2024-06-06,Buenos Aires,Rosario,Buenos Aires-Rosario,ATR 72,70,61,3373594,2079538,Demorado,27
AP-00561,07/06/2024,Bariloche,Neuquen,Bariloche-Neuquén,ATR 72,70,50,2841998,2211707,A tiempo,0
AP-00562,2024-06-07,Córdoba,Buenos Aires,Córdoba-Buenos Aires,ATR 72,70,58,4715002,2622347,A tiempo,0
AP-00563,2024-06-07,Mendoza,Salta,Mendoza-Salta,Embraer 190,100,32,3449730,4998020,A tiempo,0
AP-00564,07/06/2024,Bariloche,BUENOS AIRES,Bariloche-Buenos Aires,Boeing 737-700,126,98,14923478,9004317,Demorado,76
AP-00565,2024-06-07,Neuquén,Buenos Aires,Neuquén-Buenos Aires,Boeing 737-700,126,116,12355034,7351380,A tiempo,0
AP-00566,08/06/2024,Bariloche,Neuquén,Bariloche-Neuquén,ATR 72,70,46,2755407,2233219,Demorado,18
AP-00567,08/06/2024,Buenos Aires,Neuquén,Buenos Aires-Neuquén,Embraer 190,100,93,9561116,4925973,A tiempo,0
AP-00568,2024-06-08,Buenos Aires,Córdoba,Buenos Aires-Córdoba,ATR 72,70,62,4844537,2584749,A tiempo,0
AP-00569,08/06/2024,Buenos Aires,Iguazú,Buenos Aires-Iguazú,Boeing 737-700,126,107,12130594,7301151,A tiempo,0
AP-00570,2024-06-08,Buenos Aires,Iguazú,Buenos Aires-Iguazú,Embraer 190,100,79,8347830,5190507,Demorado,30
AP-00571,08/06/2024,Córdoba,Salta,Córdoba-Salta,ATR 72,70,29,2278823,2533002,A tiempo,0
AP-00572,2024-06-09,Tucumán,Bs As,Tucumán-Buenos Aires,Embraer 190,100,89,10240000,4778120,A tiempo,0
AP-00573,09/06/2024,Buenos Aires,Salta,Buenos Aires-Salta,Boeing 737-700,126,104,12808458,8095157,A tiempo,0
AP-00574,09/06/2024,Córdoba,Mendoza,Córdoba-Mendoza,Embraer 190,100,64,4799328,3949336,A tiempo,0
AP-00575,2024-06-09,Tucumán,Buenos Aires,Tucumán-Buenos Aires,Embraer 190,100,83,9059674,5090344,A tiempo,0
AP-00576,2024-06-09,Buenos Aires,Neuquén,Buenos Aires-Neuquén,Embraer 190,100,88,9821177,4899430,Demorado,25
AP-00577,2024-06-09,Buenos Aires,Neuquén,Buenos Aires-Neuquén,Embraer 190,100,91,9916561,4946194,A tiempo,0
AP-00578,2024-06-09,Salta,Mendoza,Salta-Mendoza,Embraer 190,100,32,3704184,5022373,A tiempo,0
AP-00579,10/06/2024,Buenos Aires,Iguazú,Buenos Aires-Iguazú,Embraer 190,100,86,9858809,5195711,A tiempo,0
AP-00580,10/06/2024,Ushuaia,Buenos Aires,Ushuaia-Buenos Aires,Boeing 737-700,126,100,20803134,10587875,Demorado,100
AP-00581,2024-06-10,Mendoza,Buenos Aires,Mendoza-Buenos Aires,Boeing 737-700,126,117,12669187,7214456,A tiempo,0
AP-00582,2024-06-11,Mendoza,Buenos Aires,Mendoza-Buenos Aires,Boeing 737-700,126,109,10566172,6691060,Demorado,44
AP-00583,2024-06-11,Buenos Aires,Mendoza,Buenos Aires-Mendoza,Boeing 737-700,126,115,12973495,7270109,A tiempo,0
AP-00584,11/06/2024,Mendoza,Buenos Aires,Mendoza-Buenos Aires,Embraer 190,100,90,8948212,4725423,A tiempo,0
AP-00585,11/06/2024,Buenos Aires,Neuquén,Buenos Aires-Neuquén,Embraer 190,100,91,9324375,4550819,A tiempo,0
AP-00586,2024-06-12,Mendoza,Cordoba,Mendoza-Córdoba,ATR 72,70,49,3613754,2568876,A tiempo,0
AP-00587,2024-06-12,Iguazú,Buenos Aires,Iguazú-Buenos Aires,Embraer 190,100,72,8481137,5104921,Demorado,24
AP-00588,13/06/2024,Bariloche,Neuquén,Bariloche-Neuquén,ATR 72,70,48,2840398,2238594,A tiempo,0
AP-00589,2024-06-13,Salta,Tucumán,Salta-Tucumán,ATR 72,70,,1248513,2074837,A tiempo,0
AP-00590,13/06/2024,Bariloche,Neuquén,Bariloche-Neuquén,ATR 72,70,46,2825140,2192363,Demorado,240
AP-00591,2024-06-13,Rosario,Buenos Aires,Rosario-Buenos Aires,ATR 72,70,56,3248129,2114100,A tiempo,0
AP-00592,14/06/2024,Iguazú,Buenos Aires,Iguazú-Buenos Aires,Embraer 190,100,84,9337965,5202455,A tiempo,0
AP-00593,2024-06-14,Tucumán,BUENOS AIRES,Tucumán-Buenos Aires,Embraer 190,100,84,9657465,4944421,A tiempo,0
AP-00594,14/06/2024,Córdoba,Buenos Aires,Córdoba-Buenos Aires,ATR 72,70,61,4928368,2500032,Demorado,57
AP-00595,15/06/2024,Buenos Aires,Tucumán,Buenos Aires-Tucumán,Embraer 190,100,86,9457554,5031151,A tiempo,0
AP-00596,2024-06-15,Córdoba,Salta,Córdoba-Salta,ATR 72,70,25,2169644,2595166,A tiempo,0
AP-00597,2024-06-15,Bariloche,Neuquén,Bariloche-Neuquén,ATR 72,70,51,2897769,2153749,A tiempo,0
AP-00598,2024-06-15,Buenos Aires,Bariloche,Buenos Aires-Bariloche,Embraer 190,100,90,14370381,5951454,A tiempo,0
AP-00599,15/06/2024,Buenos Aires,Ushuaia,Buenos Aires-Ushuaia,Boeing 737-700,126,100,19853758,11378994,A tiempo,0
AP-00600,2024-06-16,Neuquén,Bariloche,Neuquén-Bariloche,ATR 72,70,50,2758205,2227744,Demorado,45
AP-00601,2024-06-16,Buenos Aires,Córdoba,Buenos Aires-Córdoba,ATR 72,70,59,4676413,2667735,A tiempo,0
AP-00602,2024-06-16,Buenos Aires,Salta,Buenos Aires-Salta,Boeing 737-700,126,112,14914155,8115193,A tiempo,0
AP-00603,16/06/2024,Córdoba,Tucumán,Córdoba-Tucumán,ATR 72,70,49,3697676,2275389,A tiempo,0
AP-00603,16/06/2024,Córdoba,Tucumán,Córdoba-Tucumán,ATR 72,70,49,3697676,2275389,A tiempo,0
AP-00604,16/06/2024,Buenos Aires,Tucumán,Buenos Aires-Tucumán,Embraer 190,100,86,9918485,4847980,A tiempo,0
AP-00605,2024-06-18,Córdoba,Buenos Aires,Córdoba-Buenos Aires,ATR 72,70,63,5467067,2655543,A tiempo,0
AP-00606,2024-06-18,Buenos Aires,Iguazú,Buenos Aires-Iguazú,Boeing 737-700,126,106,11742546,7212428,A tiempo,0
AP-00607,2024-06-18,Córdoba,Tucumán,Córdoba-Tucumán,ATR 72,70,45,3444999,2421018,Demorado,40
AP-00608,18/06/2024,Iguazú,Buenos Aires,Iguazú-Buenos Aires,Embraer 190,100,91,10549838,4900026,A tiempo,0
AP-00609,2024-06-19,Bariloche,BUENOS AIRES,Bariloche-Buenos Aires,Boeing 737-700,126,109,17283240,8921451,A tiempo,0
AP-00610,2024-06-19,Buenos Aires,Salta,Buenos Aires-Salta,Boeing 737-700,126,112,14251154,7680854,A tiempo,0
AP-00611,2024-06-20,Buenos Aires,Tucumán,Buenos Aires-Tucumán,Embraer 190,100,85,9446208,4786061,A tiempo,0
AP-00612,2024-06-20,Iguazú,Buenos Aires,Iguazú-Buenos Aires,Boeing 737-700,126,104,11911545,7283282,A tiempo,0
AP-00613,20/06/2024,Córdoba,Mendoza,Córdoba-Mendoza,ATR 72,70,50,3826236,2632736,A tiempo,0
AP-00614,20/06/2024,Córdoba,Buenos Aires,Córdoba-Buenos Aires,ATR 72,70,54,,2614481,A tiempo,0
AP-00615,20/06/2024,Mendoza,SALTA,Mendoza-Salta,Embraer 190,100,39,3992788,4726358,Demorado,51
AP-00616,2024-06-21,Buenos Aires,Cordoba,Buenos Aires-Córdoba,ATR 72,70,55,4546981,2703745,A tiempo,0
AP-00617,2024-06-21,Salta,Buenos Aires,Salta-Buenos Aires,Embraer 190,100,90,12250330,5449958,A tiempo,0
AP-00618,2024-06-21,Córdoba,Bs As,Córdoba-Buenos Aires,Embraer 190,100,0,0,827062,Cancelado,0
AP-00619,2024-06-21,Buenos Aires,Salta,Buenos Aires-Salta,Boeing 737-700,126,109,14894761,8180788,Demorado,28
AP-00620,2024-06-21,Ushuaia,Buenos Aires,Ushuaia-Buenos Aires,Boeing 737-700,126,104,22179014,10608320,A tiempo,0
AP-00621,22/06/2024,Ushuaia,Buenos Aires,Ushuaia-Buenos Aires,Boeing 737-700,126,106,23384314,10591308,Demorado,109
AP-00622,2024-06-23,Buenos Aires,Mendoza,Buenos Aires-Mendoza,Embraer 190,100,92,9609140,4650464,A tiempo,0
AP-00623,2024-06-23,Buenos Aires,Neuquen,Buenos Aires-Neuquén,Boeing 737-700,126,109,10790496,7027367,A tiempo,0
AP-00624,24/06/2024,Buenos Aires,Córdoba,Buenos Aires-Córdoba,ATR 72,70,58,4526088,2696666,A tiempo,0
AP-00625,24/06/2024,Córdoba,Mendoza,Córdoba-Mendoza,ATR 72,70,48,3665338,2393979,A tiempo,0
AP-00626,25/06/2024,Bariloche,Córdoba,Bariloche-Córdoba,Boeing 737-700,126,50,,7784738,Demorado,21
AP-00627,2024-06-25,Buenos Aires,Salta,Buenos Aires-Salta,Boeing 737-700,126,101,12575417,7695455,A tiempo,0
AP-00628,25/06/2024,Buenos Aires,Ushuaia,Buenos Aires-Ushuaia,Boeing 737-700,126,102,21671723,10906720,A tiempo,0
AP-00629,2024-06-26,Buenos Aires,Salta,Buenos Aires-Salta,Boeing 737-700,126,111,14671298,7982618,A tiempo,0
AP-00630,2024-06-26,Buenos Aires,Córdoba,Buenos Aires-Córdoba,ATR 72,70,54,4231907,2467493,A tiempo,0
AP-00631,2024-06-26,Buenos Aires,Salta,Buenos Aires-Salta,Boeing 737-700,126,114,15632379,8238491,A tiempo,0
AP-00632,2024-06-27,Rosario,Córdoba,Rosario-Córdoba,ATR 72,70,42,2695383,2246283,A tiempo,0
AP-00633,2024-06-27,Iguazú,Buenos Aires,Iguazú-Buenos Aires,Embraer 190,100,84,8738259,5060807,A tiempo,0
AP-00634,28/06/2024,Buenos Aires,Córdoba,Buenos Aires-Córdoba,ATR 72,70,59,4487911,2575239,A tiempo,0
AP-00635,28/06/2024,Córdoba,Tucumán,Córdoba-Tucumán,ATR 72,70,50,3671016,2290961,A tiempo,0
AP-00636,28/06/2024,Buenos Aires,Iguazú,Buenos Aires-Iguazú,Embraer 190,100,85,10221747,5171450,A tiempo,0
AP-00637,2024-06-29,Tucumán,Córdoba,Tucumán-Córdoba,ATR 72,70,47,3181713,2389708,Demorado,82
AP-00638,2024-06-30,Buenos Aires,Iguazú,Buenos Aires-Iguazú,Embraer 190,100,88,9985102,4867119,A tiempo,0
AP-00639,2024-06-30,Buenos Aires,Iguazú,Buenos Aires-Iguazú,Embraer 190,100,82,9706278,5151636,A tiempo,0
AP-00640,2024-06-30,Buenos Aires,Córdoba,Buenos Aires-Córdoba,ATR 72,70,56,4205963,2635941,A tiempo,0
AP-00641,30/06/2024,Buenos Aires,Mendoza,Buenos Aires-Mendoza,Embraer 190,100,88,8551836,4642931,A tiempo,0
AP-00642,2024-07-01,Tucumán,Mendoza,Tucumán-Mendoza,Embraer 190,100,46,4931886,4706750,A tiempo,0
AP-00643,01/07/2024,Buenos Aires,Bariloche,Buenos Aires-Bariloche,Boeing 737-700,126,113,16815910,8786471,A tiempo,
AP-00644,01/07/2024,Tucumán,Mendoza,Tucumán-Mendoza,Embraer 190,100,34,3354535,4521794,A tiempo,0
AP-00645,2024-07-01,Buenos Aires,Iguazú,Buenos Aires-Iguazú,Embraer 190,100,0,0,1013545,Cancelado,0
AP-00646,2024-07-02,Buenos Aires,Mendoza,Buenos Aires-Mendoza,Embraer 190,100,97,10754454,5074711,Demorado,33
AP-00647,02/07/2024,Buenos Aires,Córdoba,Buenos Aires-Córdoba,ATR 72,70,68,5338014,2719133,A tiempo,0
AP-00648,2024-07-02,Buenos Aires,Mendoza,Buenos Aires-Mendoza,Embraer 190,100,98,10830642,4909563,A tiempo,0
AP-00649,2024-07-03,Córdoba,Salta,Córdoba-Salta,ATR 72,70,32,2835288,2810583,A tiempo,
AP-00650,04/07/2024,Buenos Aires,Tucumán,Buenos Aires-Tucumán,Boeing 737-700,126,117,13898580,7422428,A tiempo,0
AP-00651,04/07/2024,Tucumán,Buenos Aires,Tucumán-Buenos Aires,Embraer 190,100,89,9815288,5269939,A tiempo,0
AP-00652,2024-07-05,Bariloche,Buenos Aires,Bariloche-Buenos Aires,Boeing 737-700,126,117,17586548,8903347,A tiempo,0
AP-00653,2024-07-05,Buenos Aires,Mendoza,Buenos Aires-Mendoza,Embraer 190,100,93,10065654,4911066,A tiempo,0
AP-00654,2024-07-05,Buenos Aires,Ushuaia,Buenos Aires-Ushuaia,Boeing 737-700,126,110,22159466,10990880,A tiempo,0
AP-00655,06/07/2024,Buenos Aires,Mendoza,Buenos Aires-Mendoza,Embraer 190,100,0,0,952086,Cancelado,0
AP-00656,2024-07-06,Córdoba,San Miguel de Tucumán,Córdoba-Tucumán,ATR 72,70,50,3404429,2489248,A tiempo,0
AP-00657,2024-07-07,Buenos Aires,Salta,Buenos Aires-Salta,Boeing 737-700,126,120,16710310,8221561,A tiempo,0
AP-00658,2024-07-08,Buenos Aires,Salta,Buenos Aires-Salta,Embraer 190,100,98,12235300,5732995,A tiempo,0
AP-00659,08/07/2024,Buenos Aires,ushuaia,Buenos Aires-Ushuaia,Boeing 737-700,126,118,26336531,11637317,Demorado,32
AP-00660,2024-07-08,Buenos Aires,Tucumán,Buenos Aires-Tucumán,Embraer 190,100,85,10443385,4852858,A tiempo,0
AP-00661,2024-07-08,Tucumán,Salta,Tucumán-Salta,ATR 72,70,35,2013836,2092124,A tiempo,0
AP-00662,2024-07-08,Iguazú,BUENOS AIRES,Iguazú-Buenos Aires,Embraer 190,100,95,10077811,5110061,A tiempo,0
AP-00663,2024-07-08,Córdoba,Buenos Aires,Córdoba-Buenos Aires,ATR 72,70,66,5647710,2670825,A tiempo,0
AP-00664,2024-07-09,Iguazú,Buenos Aires,Iguazú-Buenos Aires,Boeing 737-700,126,117,12658767,7729116,A tiempo,0
AP-00665,2024-07-09,Buenos Aires,Mendoza,Buenos Aires-Mendoza,Embraer 190,100,98,10213420,4994907,Demorado,47
AP-00666,2024-07-09,Córdoba,Buenos Aires,Córdoba-Buenos Aires,ATR 72,70,69,5364330,2561487,A tiempo,0
AP-00667,2024-07-10,Mendoza,Tucumán,Mendoza-Tucumán,Boeing 737-700,126,49,4631457,7058115,A tiempo,0
AP-00668,2024-07-10,Rosario,Córdoba,Rosario-Córdoba,ATR 72,70,41,2652287,2226850,Demorado,15
AP-00669,2024-07-10,Tucumán,Salta,Tucumán-Salta,ATR 72,70,30,1785189,2077545,A tiempo,0
AP-00670,2024-07-10,Buenos Aires,Ushuaia,Buenos Aires-Ushuaia,Boeing 737-700,126,111,23659957,11497023,Demorado,100
AP-00671,11/07/2024,Buenos Aires,Iguazú,Buenos Aires-Iguazú,Embraer 190,100,94,10387078,5114976,A tiempo,0
AP-00672,2024-07-12,Buenos Aires,Mendoza,Buenos Aires-Mendoza,Embraer 190,100,91,8992790,4668743,A tiempo,0
AP-00673,12/07/2024,Bariloche,Buenos Aires,Bariloche-Buenos Aires,Embraer 190,100,94,13969210,6250193,A tiempo,0
AP-00674,12/07/2024,Tucumán,Córdoba,Tucumán-Córdoba,Embraer 190,100,78,5942970,4041910,A tiempo,0
AP-00675,12/07/2024,Salta,Buenos Aires,Salta-Buenos Aires,Boeing 737-700,126,121,15853194,7748893,A tiempo,0
AP-00676,2024-07-13,Neuquén,BARILOCHE,Neuquén-Bariloche,ATR 72,70,53,3133527,2129482,A tiempo,0
AP-00677,2024-07-13,Rosario,Buenos Aires,Rosario-Buenos Aires,ATR 72,70,66,3810718,2113608,A tiempo,0
AP-00678,13/07/2024,Buenos Aires,Mendoza,Buenos Aires-Mendoza,Embraer 190,100,98,10262045,4757511,A tiempo,0
AP-00678,13/07/2024,Buenos Aires,Mendoza,Buenos Aires-Mendoza,Embraer 190,100,98,10262045,4757511,A tiempo,0
AP-00679,2024-07-13,Ushuaia,Buenos Aires,Ushuaia-Buenos Aires,Boeing 737-700,126,116,26920165,11222913,Demorado,37
AP-00680,14/07/2024,Buenos Aires,Neuquén,Buenos Aires-Neuquén,Embraer 190,100,98,10680216,4623282,Demorado,41
AP-00681,2024-07-14,Bariloche,Buenos Aires,Bariloche-Buenos Aires,Boeing 737-700,126,118,17376170,8331913,A tiempo,0
AP-00682,14/07/2024,Bariloche,Neuquén,Bariloche-Neuquén,ATR 72,70,59,3543649,2114003,Demorado,35
AP-00683,14/07/2024,Buenos Aires,Iguazú,Buenos Aires-Iguazú,Embraer 190,100,95,11466345,4973158,A tiempo,
AP-00684,2024-07-14,Mendoza,Buenos Aires,Mendoza-Buenos Aires,Embraer 190,100,98,10668805,4736418,A tiempo,0
AP-00685,2024-07-16,Iguazú,Buenos Aires,Iguazú-Buenos Aires,Boeing 737-700,126,123,13828580,7627307,A tiempo,0
AP-00686,2024-07-16,Salta,Tucuman,Salta-Tucumán,ATR 72,70,28,1647419,2105964,Demorado,20
AP-00687,2024-07-16,Buenos Aires,Mendoza,Buenos Aires-Mendoza,Boeing 737-700,126,123,12879309,6865336,Demorado,25
AP-00688,17/07/2024,Neuquén,BARILOCHE,Neuquén-Bariloche,ATR 72,70,50,2863196,2164712,A tiempo,0
AP-00689,2024-07-18,Mendoza,Buenos Aires,Mendoza-Buenos Aires,Boeing 737-700,126,119,13199902,7355607,A tiempo,0
AP-00690,19/07/2024,Rosario,Córdoba,Rosario-Córdoba,ATR 72,70,41,2753533,2357527,A tiempo,0
AP-00691,19/07/2024,Mendoza,Córdoba,Mendoza-Córdoba,ATR 72,70,55,4239503,2533503,A tiempo,0
AP-00692,19/07/2024,Bariloche,Buenos Aires,Bariloche-Buenos Aires,Boeing 737-700,126,123,19849368,8860742,A tiempo,0
AP-00693,2024-07-19,Buenos Aires,Salta,Buenos Aires-Salta,Boeing 737-700,126,123,17176544,7626701,Demorado,24
AP-00693,2024-07-19,Buenos Aires,Salta,Buenos Aires-Salta,Boeing 737-700,126,123,17176544,7626701,Demorado,24
AP-00694,2024-07-19,Córdoba,Rosario,Córdoba-Rosario,ATR 72,70,41,2502465,2330848,A tiempo,0
AP-00695,20/07/2024,Ushuaia,Buenos Aires,Ushuaia-Buenos Aires,Boeing 737-700,126,119,24319199,11077476,Demorado,32
AP-00696,20/07/2024,Córdoba,Mendoza,Córdoba-Mendoza,ATR 72,70,48,3779223,2600601,Demorado,15
AP-00697,2024-07-20,Mendoza,Buenos Aires,Mendoza-Buenos Aires,Boeing 737-700,126,123,13384071,7351079,Demorado,18
AP-00698,21/07/2024,Córdoba,Tucumán,Córdoba-Tucumán,ATR 72,70,50,3596665,2528173,A tiempo,0
AP-00699,2024-07-21,Rosario,Buenos Aires,Rosario-Buenos Aires,ATR 72,70,65,3564034,2005393,A tiempo,0
AP-00700,2024-07-22,Salta,Córdoba,Salta-Córdoba,ATR 72,70,31,2803758,2712284,Demorado,69
AP-00701,2024-07-22,Buenos Aires,Mendoza,Buenos Aires-Mendoza,Embraer 190,100,98,10129402,4844189,Demorado,62
AP-00702,23/07/2024,Buenos Aires,Iguazú,Buenos Aires-Iguazú,Boeing 737-700,126,120,13943494,7606558,A tiempo,0
AP-00703,2024-07-24,Buenos Aires,Iguazú,Buenos Aires-Iguazú,Embraer 190,100,95,11104952,4838706,Demorado,37
AP-00704,2024-07-24,Salta,Buenos Aires,Salta-Buenos Aires,Boeing 737-700,126,123,15180779,8146057,A tiempo,0
AP-00705,24/07/2024,Tucumán,Buenos Aires,Tucumán-Buenos Aires,Boeing 737-700,126,120,14610922,7215839,A tiempo,0
AP-00706,24/07/2024,Córdoba,Buenos Aires,Córdoba-Buenos Aires,Embraer 190,100,87,7723419,3972018,A tiempo,0
AP-00707,25/07/2024,Mendoza,Córdoba,Mendoza-Córdoba,ATR 72,70,51,4139570,2644349,A tiempo,0
AP-00708,25/07/2024,Buenos Aires,Iguazú,Buenos Aires-Iguazú,Embraer 190,100,97,11718354,5006091,A tiempo,0
AP-00709,2024-07-25,Córdoba,Buenos Aires,Córdoba-Buenos Aires,ATR 72,70,67,5795644,2712353,A tiempo,0
AP-00710,26/07/2024,Neuquén,Buenos Aires,Neuquén-Buenos Aires,Embraer 190,100,98,10157667,4916446,Demorado,26
AP-00711,2024-07-26,Buenos Aires,Ushuaia,Buenos Aires-Ushuaia,Boeing 737-700,126,115,24992415,11125867,A tiempo,0
AP-00712,2024-07-26,Córdoba,Buenos Aires,Córdoba-Buenos Aires,ATR 72,70,63,4830417,2594903,A tiempo,0
AP-00713,26/07/2024,Tucumán,Mendoza,Tucumán-Mendoza,Boeing 737-700,126,54,5495715,6940963,Demorado,40
AP-00714,27/07/2024,Córdoba,BARILOCHE,Córdoba-Bariloche,Boeing 737-700,126,52,6686462,8011903,Demorado,30
AP-00715,2024-07-27,Ushuaia,Buenos Aires,Ushuaia-Buenos Aires,Boeing 737-700,126,123,28058533,10924005,Demorado,32
AP-00716,2024-07-28,Buenos Aires,Córdoba,Buenos Aires-Córdoba,ATR 72,70,64,5599227,2498145,A tiempo,0
AP-00717,2024-07-28,Córdoba,Mendoza,Córdoba-Mendoza,ATR 72,70,50,3751313,2646970,A tiempo,0
AP-00718,2024-07-28,Ushuaia,Buenos Aires,Ushuaia-Buenos Aires,Boeing 737-700,126,113,24753231,11317435,A tiempo,
AP-00719,2024-07-30,Bariloche,Buenos Aires,Bariloche-Buenos Aires,Boeing 737-700,126,0,0,1672939,Cancelado,0
AP-00720,31/07/2024,Ushuaia,Buenos Aires,Ushuaia-Buenos Aires,Boeing 737-700,126,115,24166219,10966519,Demorado,178
AP-00721,2024-07-31,Buenos Aires,Ushuaia,Buenos Aires-Ushuaia,Embraer 190,100,96,19911206,8299531,Demorado,196
AP-00722,2024-07-31,Buenos Aires,Iguazú,Buenos Aires-Iguazú,Embraer 190,100,94,105712830,4912032,A tiempo,0
AP-00723,2024-08-01,Buenos Aires,Tucumán,Buenos Aires-Tucumán,Boeing 737-700,126,106,11596677,7577778,A tiempo,0
AP-00724,01/08/2024,Buenos Aires,Iguazu,Buenos Aires-Iguazú,Embraer 190,100,84,9430490,5237101,A tiempo,0
AP-00725,2024-08-02,Córdoba,Salta,Córdoba-Salta,ATR 72,70,31,2665080,2686789,A tiempo,0
AP-00726,2024-08-02,Buenos Aires,Salta,Buenos Aires-Salta,Boeing 737-700,126,116,15805244,8447332,A tiempo,0
AP-00727,2024-08-03,Mendoza,Córdoba,Mendoza-Córdoba,ATR 72,70,46,3651009,2522685,A tiempo,0
AP-00728,2024-08-03,Salta,Mendoza,Salta-Mendoza,Embraer 190,100,33,3755896,4957726,A tiempo,0
AP-00729,2024-08-03,Tucumán,Buenos Aires,Tucumán-Buenos Aires,Embraer 190,100,78,8837504,5352568,A tiempo,0
AP-00730,03/08/2024,Buenos Aires,Tucumán,Buenos Aires-Tucumán,Embraer 190,100,80,8858308,5170382,A tiempo,0
AP-00731,2024-08-03,Iguazú,Buenos Aires,Iguazú-Buenos Aires,Embraer 190,100,86,10335883,5133596,A tiempo,0
AP-00732,03/08/2024,Iguazú,Buenos Aires,Iguazú-Buenos Aires,Boeing 737-700,126,110,13059647,7313531,A tiempo,0
AP-00733,03/08/2024,Bariloche,Neuquén,Bariloche-Neuquén,ATR 72,70,51,2861784,2137984,Demorado,49
AP-00734,2024-08-04,Ushuaia,Buenos Aires,Ushuaia-Buenos Aires,Boeing 737-700,126,102,22557549,11825190,Demorado,82
AP-00735,2024-08-04,Salta,Tucumán,Salta-Tucumán,ATR 72,70,0,0,407517,Cancelado,0
AP-00736,2024-08-04,Córdoba,Buenos Aires,Córdoba-Buenos Aires,ATR 72,70,59,5195285,2612070,A tiempo,0
AP-00737,2024-08-04,Buenos Aires,Córdoba,Buenos Aires-Córdoba,Embraer 190,100,89,7874729,4019052,Demorado,19
AP-00738,2024-08-04,Neuquén,Bs As,Neuquén-Buenos Aires,Embraer 190,100,87,8859496,4726142,A tiempo,0
AP-00739,2024-08-04,Buenos Aires,Bariloche,Buenos Aires-Bariloche,Boeing 737-700,126,0,0,1833685,Cancelado,0
AP-00740,05/08/2024,Bariloche,Buenos Aires,Bariloche-Buenos Aires,Boeing 737-700,126,111,15883951,9014566,A tiempo,0
AP-00741,2024-08-05,Bariloche,Buenos Aires,Bariloche-Buenos Aires,Boeing 737-700,126,108,17719126,8942789,A tiempo,0
AP-00742,05/08/2024,Buenos Aires,Bariloche,Buenos Aires-Bariloche,Boeing 737-700,126,105,15630001,8513673,A tiempo,0
AP-00743,2024-08-05,Córdoba,Buenos Aires,Córdoba-Buenos Aires,Embraer 190,100,85,7353835,4209266,A tiempo,0
AP-00744,2024-08-05,Mendoza,Tucumán,Mendoza-Tucumán,Boeing 737-700,126,50,4747755,7078474,A tiempo,0
AP-00745,05/08/2024,Bariloche,Buenos Aires,Bariloche-Buenos Aires,Boeing 737-700,126,111,17757523,8558251,A tiempo,0
AP-00746,07/08/2024,Mendoza,Córdoba,Mendoza-Córdoba,ATR 72,70,50,4048851,2467915,A tiempo,0
AP-00747,2024-08-07,Córdoba,Mendoza,Córdoba-Mendoza,ATR 72,70,47,3596623,2643270,Demorado,47
AP-00748,07/08/2024,Salta,Córdoba,Salta-Córdoba,ATR 72,70,23,1938676,2809588,A tiempo,0
AP-00749,2024-08-07,Buenos Aires,Córdoba,Buenos Aires-Córdoba,ATR 72,70,59,4674957,2778769,A tiempo,0
AP-00750,2024-08-07,Salta,Mendoza,Salta-Mendoza,Boeing 737-700,126,47,4987588,7118345,A tiempo,0
AP-00751,2024-08-07,Ushuaia,Buenos Aires,Ushuaia-Buenos Aires,Boeing 737-700,126,115,23156775,11755074,Demorado,177
AP-00752,2024-08-08,Buenos Aires,Neuquén,Buenos Aires-Neuquén,Embraer 190,100,89,10099908,4741424,A tiempo,0
AP-00753,2024-08-08,Buenos Aires,Neuquén,Buenos Aires-Neuquén,Embraer 190,100,0,0,4837880,A tiempo,0
AP-00754,09/08/2024,Neuquén,Bariloche,Neuquén-Bariloche,ATR 72,70,43,2478637,2286354,A tiempo,0
AP-00755,2024-08-09,Buenos Aires,Salta,Buenos Aires-Salta,Boeing 737-700,126,100,13654074,8236446,A tiempo,0
AP-00756,10/08/2024,Córdoba,Mendoza,Córdoba-Mendoza,ATR 72,70,43,3285568,2461214,A tiempo,0
AP-00757,2024-08-10,Buenos Aires,Iguazú,Buenos Aires-Iguazú,Embraer 190,100,,10806082,5176011,A tiempo,0
AP-00758,2024-08-10,Rosario,Córdoba,Rosario-Córdoba,ATR 72,70,34,2109662,2285264,Demorado,20
AP-00759,10/08/2024,Tucumán,Salta,Tucumán-Salta,ATR 72,70,24,1299417,2216831,A tiempo,0
AP-00760,10/08/2024,Mendoza,Buenos Aires,Mendoza-Buenos Aires,Embraer 190,100,86,9633927,4987874,Demorado,53
AP-00761,2024-08-10,Tucumán,Salta,Tucumán-Salta,ATR 72,70,28,1538306,2054610,A tiempo,0
AP-00762,10/08/2024,Córdoba,Buenos Aires,Córdoba-Buenos Aires,ATR 72,70,66,5241607,2545842,A tiempo,0
AP-00763,11/08/2024,Córdoba,Buenos Aires,Córdoba-Buenos Aires,Embraer 190,100,78,6790508,4005185,A tiempo,0
AP-00764,2024-08-11,Córdoba,Buenos Aires,Córdoba-Buenos Aires,ATR 72,70,64,5358750,2676376,A tiempo,0
AP-00765,11/08/2024,Buenos Aires,SALTA,Buenos Aires-Salta,Boeing 737-700,126,110,15368518,7777164,Demorado,48
AP-00766,2024-08-11,Buenos Aires,Neuquén,Buenos Aires-Neuquén,Embraer 190,100,96,9728284,5035479,A tiempo,0
AP-00767,12/08/2024,Buenos Aires,Córdoba,Buenos Aires-Córdoba,ATR 72,70,57,4463211,2709099,A tiempo,0
AP-00768,2024-08-12,Córdoba,Buenos Aires,Córdoba-Buenos Aires,ATR 72,70,54,4286165,2584505,A tiempo,0
AP-00769,12/08/2024,Córdoba,Bariloche,Córdoba-Bariloche,Boeing 737-700,126,56,8085676,8554707,A tiempo,0
AP-00770,2024-08-12,Neuquén,Bariloche,Neuquén-Bariloche,ATR 72,70,48,2773952,2272294,A tiempo,0
AP-00771,2024-08-12,Bariloche,Neuquén,Bariloche-Neuquén,ATR 72,70,48,2916507,2178094,A tiempo,0
AP-00772,2024-08-12,Mendoza,Salta,Mendoza-Salta,Embraer 190,100,34,3910837,5044521,A tiempo,0
AP-00773,2024-08-13,Buenos Aires,Rosario,Buenos Aires-Rosario,ATR 72,70,59,3426379,2194326,A tiempo,0
AP-00774,13/08/2024,Buenos Aires,Córdoba,Buenos Aires-Córdoba,ATR 72,70,59,4766875,2661617,A tiempo,0
AP-00775,2024-08-13,Tucumán,Buenos Aires,Tucumán-Buenos Aires,Embraer 190,100,87,10213895,5299747,A tiempo,0
AP-00776,2024-08-13,Mendoza,Córdoba,Mendoza-Córdoba,ATR 72,70,49,3686598,2623861,A tiempo,0
AP-00777,2024-08-13,Bariloche,Buenos Aires,Bariloche-Buenos Aires,Embraer 190,100,94,13911655,6035721,Demorado,25
AP-00778,2024-08-13,Buenos Aires,Rosario,Buenos Aires-Rosario,ATR 72,70,60,3143376,2032809,A tiempo,0
AP-00779,2024-08-14,Buenos Aires,Córdoba,Buenos Aires-Córdoba,ATR 72,70,60,4937131,2558316,A tiempo,0
AP-00780,2024-08-14,Bariloche,Buenos Aires,Bariloche-Buenos Aires,Embraer 190,100,87,12739686,6037001,A tiempo,0
AP-00781,2024-08-14,Iguazú,Buenos Aires,Iguazú-Buenos Aires,Embraer 190,100,78,9720162,4899593,A tiempo,0
AP-00782,2024-08-14,Buenos Aires,Neuquén,Buenos Aires-Neuquén,Embraer 190,100,96,10353230,4662344,A tiempo,0
AP-00783,14/08/2024,Buenos Aires,Iguazú,Buenos Aires-Iguazú,Embraer 190,100,87,10861774,5050329,A tiempo,0
AP-00784,15/08/2024,Rosario,Buenos Aires,Rosario-Buenos Aires,ATR 72,70,60,3212047,2022442,A tiempo,0
AP-00785,15/08/2024,Buenos Aires,Córdoba,Buenos Aires-Córdoba,Embraer 190,100,85,7466936,4266604,A tiempo,0
AP-00786,2024-08-16,Córdoba,Buenos Aires,Córdoba-Buenos Aires,ATR 72,70,57,5057464,2776538,A tiempo,0
AP-00787,16/08/2024,Mendoza,Salta,Mendoza-Salta,Embraer 190,100,39,4061616,4917498,Demorado,88
AP-00788,16/08/2024,Buenos Aires,Neuquén,Buenos Aires-Neuquén,Embraer 190,100,87,8662705,5099410,Demorado,91
AP-00789,16/08/2024,Mendoza,Buenos Aires,Mendoza-Buenos Aires,Boeing 737-700,126,108,12167122,7250858,A tiempo,0
AP-00790,2024-08-16,Córdoba,San Miguel de Tucumán,Córdoba-Tucumán,ATR 72,70,50,3780060,2561919,A tiempo,0
AP-00791,2024-08-16,Buenos Aires,Bariloche,Buenos Aires-Bariloche,Boeing 737-700,126,115,16389683,9040813,A tiempo,0
AP-00792,2024-08-16,Buenos Aires,Ushuaia,Buenos Aires-Ushuaia,Boeing 737-700,126,104,23976304,11603829,A tiempo,0
AP-00793,17/08/2024,Mendoza,Buenos Aires,Mendoza-Buenos Aires,Boeing 737-700,126,114,13156307,7240338,A tiempo,0
AP-00794,2024-08-17,Rosario,Buenos Aires,Rosario-Buenos Aires,ATR 72,70,64,3632565,2045346,A tiempo,0
AP-00795,17/08/2024,Neuquén,Buenos Aires,Neuquén-Buenos Aires,Boeing 737-700,126,115,12232145,7182525,A tiempo,0
AP-00796,2024-08-18,Buenos Aires,Mendoza,Buenos Aires-Mendoza,Boeing 737-700,126,111,11419009,7489339,A tiempo,0
AP-00797,18/08/2024,Córdoba,Tucumán,Córdoba-Tucumán,ATR 72,70,48,3280499,2512708,A tiempo,
AP-00798,2024-08-18,Buenos Aires,Tucumán,Buenos Aires-Tucumán,Embraer 190,100,83,9632330,4939957,A tiempo,0
AP-00799,18/08/2024,Buenos Aires,Bariloche,Buenos Aires-Bariloche,Boeing 737-700,126,107,15312237,8666698,A tiempo,0
AP-00800,2024-08-18,Buenos Aires,Mendoza,Buenos Aires-Mendoza,Embraer 190,100,89,8964011,5136022,A tiempo,0
AP-00801,18/08/2024,Buenos Aires,Bariloche,Buenos Aires-Bariloche,Boeing 737-700,126,111,16474463,8864595,Demorado,22
AP-00802,18/08/2024,Córdoba,BUENOS AIRES,Córdoba-Buenos Aires,ATR 72,70,62,5378947,2673529,Demorado,58
AP-00803,2024-08-20,Iguazú,Buenos Aires,Iguazú-Buenos Aires,Boeing 737-700,126,95,10575915,7398395,Demorado,42
AP-00804,20/08/2024,Córdoba,San Miguel de Tucumán,Córdoba-Tucumán,ATR 72,70,44,3110579,2516267,A tiempo,0
AP-00805,2024-08-20,Iguazú,BUENOS AIRES,Iguazú-Buenos Aires,Embraer 190,100,80,9350361,5054074,A tiempo,0
AP-00806,2024-08-20,Bariloche,Bs As,Bariloche-Buenos Aires,Embraer 190,100,85,12891463,6370600,A tiempo,0
AP-00807,2024-08-20,Buenos Aires,Cordoba,Buenos Aires-Córdoba,ATR 72,70,58,4499051,2571419,A tiempo,0
AP-00808,2024-08-20,Buenos Aires,Bariloche,Buenos Aires-Bariloche,Boeing 737-700,126,115,17264462,8819888,A tiempo,0
AP-00809,2024-08-20,Tucumán,Buenos Aires,Tucumán-Buenos Aires,Embraer 190,100,86,10338033,5273738,A tiempo,0
AP-00810,2024-08-20,Córdoba,Mendoza,Córdoba-Mendoza,ATR 72,70,45,3414881,2595171,A tiempo,0
AP-00811,2024-08-21,Buenos Aires,Mendoza,Buenos Aires-Mendoza,Boeing 737-700,126,112,13025911,7076133,A tiempo,0
AP-00812,22/08/2024,Mendoza,Córdoba,Mendoza-Córdoba,ATR 72,70,45,3307596,2688550,A tiempo,0
AP-00813,22/08/2024,Mendoza,Salta,Mendoza-Salta,Embraer 190,100,33,3830697,4924396,A tiempo,0
AP-00814,23/08/2024,Tucumán,Buenos Aires,Tucumán-Buenos Aires,Boeing 737-700,126,105,11497167,7866298,A tiempo,0
AP-00815,2024-08-23,Neuquén,Bariloche,Neuquén-Bariloche,ATR 72,70,52,3333081,2200786,A tiempo,0
AP-00816,2024-08-23,Buenos Aires,Iguazú,Buenos Aires-Iguazú,Embraer 190,100,90,10836946,5357399,A tiempo,0
AP-00817,2024-08-24,Buenos Aires,Neuquén,Buenos Aires-Neuquén,Boeing 737-700,126,104,11539851,7109188,A tiempo,0
AP-00818,2024-08-24,Buenos Aires,Ushuaia,Buenos Aires-Ushuaia,Boeing 737-700,126,105,21886625,10844818,Demorado,21
AP-00819,2024-08-24,Ushuaia,Buenos Aires,Ushuaia-Buenos Aires,Boeing 737-700,126,105,23853363,11240005,Demorado,24
AP-00820,24/08/2024,Bariloche,Buenos Aires,Bariloche-Buenos Aires,Boeing 737-700,126,113,16404165,9101087,A tiempo,0
AP-00821,2024-08-25,Buenos Aires,Bariloche,Buenos Aires-Bariloche,Boeing 737-700,126,112,18243787,8440056,A tiempo,0
AP-00822,2024-08-26,Bariloche,BUENOS AIRES,Bariloche-Buenos Aires,Boeing 737-700,126,107,15656222,8487079,Demorado,62
AP-00823,2024-08-26,Iguazú,Buenos Aires,Iguazú-Buenos Aires,Embraer 190,100,79,8920976,5158825,A tiempo,0
AP-00824,26/08/2024,Mendoza,Buenos Aires,Mendoza-Buenos Aires,Embraer 190,100,92,9602270,4795173,A tiempo,0
AP-00825,2024-08-26,Salta,Córdoba,Salta-Córdoba,ATR 72,70,28,2471271,2708225,A tiempo,0
AP-00826,26/08/2024,Mendoza,Córdoba,Mendoza-Córdoba,ATR 72,70,43,3440489,2694016,A tiempo,0
AP-00827,28/08/2024,Tucumán,BUENOS AIRES,Tucumán-Buenos Aires,Embraer 190,100,83,9007729,5212409,A tiempo,0
AP-00828,2024-08-28,Mendoza,Buenos Aires,Mendoza-Buenos Aires,Embraer 190,100,94,10558561,5045359,A tiempo,0
AP-00829,29/08/2024,Mendoza,Salta,Mendoza-Salta,Embraer 190,100,42,4835097,5215146,A tiempo,0
AP-00830,2024-08-29,Neuquén,Bariloche,Neuquén-Bariloche,ATR 72,70,50,2827997,2289440,Demorado,31
AP-00831,29/08/2024,Córdoba,Mendoza,Córdoba-Mendoza,Embraer 190,100,69,5308605,3907339,Demorado,16
AP-00832,2024-08-29,Bariloche,Buenos Aires,Bariloche-Buenos Aires,Boeing 737-700,126,109,16110241,8808516,Demorado,162
AP-00833,2024-08-29,Buenos Aires,Tucumán,Buenos Aires-Tucumán,Embraer 190,100,80,9031407,5325393,A tiempo,0
AP-00834,2024-08-29,Córdoba,Buenos Aires,Córdoba-Buenos Aires,ATR 72,70,63,5166695,2609358,A tiempo,0
AP-00835,2024-08-29,Buenos Aires,Mendoza,Buenos Aires-Mendoza,Embraer 190,100,88,9461004,4887929,A tiempo,0
AP-00836,2024-08-30,Córdoba,Rosario,Córdoba-Rosario,ATR 72,70,41,2425597,2276758,A tiempo,0
AP-00837,2024-08-30,Buenos Aires,Rosario,Buenos Aires-Rosario,ATR 72,70,58,3173080,2219778,A tiempo,0
AP-00838,30/08/2024,Buenos Aires,Iguazú,Buenos Aires-Iguazú,Embraer 190,100,87,10238945,5368678,A tiempo,0
AP-00839,30/08/2024,Mendoza,Salta,Mendoza-Salta,Boeing 737-700,126,38,4420166,7219948,A tiempo,0
AP-00840,2024-08-31,Iguazú,Buenos Aires,Iguazú-Buenos Aires,Embraer 190,100,88,10275322,5044213,A tiempo,0
AP-00841,2024-08-31,Buenos Aires,ushuaia,Buenos Aires-Ushuaia,Boeing 737-700,126,104,23251221,11746925,A tiempo,0
AP-00842,2024-08-31,Salta,Buenos Aires,Salta-Buenos Aires,Boeing 737-700,126,105,14460651,8230525,A tiempo,0
AP-00843,31/08/2024,Bariloche,Córdoba,Bariloche-Córdoba,Boeing 737-700,126,44,5642628,8371452,A tiempo,0
AP-00844,01/09/2024,Buenos Aires,Córdoba,Buenos Aires-Córdoba,ATR 72,70,61,5482176,2735297,Demorado,50
AP-00845,02/09/2024,Córdoba,Salta,Córdoba-Salta,ATR 72,70,27,2284067,2889997,Demorado,43
AP-00846,2024-09-02,Neuquén,Bariloche,Neuquén-Bariloche,ATR 72,70,48,3095470,2173979,A tiempo,0
AP-00847,02/09/2024,Mendoza,Buenos Aires,Mendoza-Buenos Aires,Embraer 190,100,88,9413844,4782044,A tiempo,0
AP-00848,03/09/2024,Buenos Aires,Iguazú,Buenos Aires-Iguazú,Embraer 190,100,79,9497088,5083700,A tiempo,0
AP-00849,03/09/2024,Mendoza,Salta,Mendoza-Salta,Embraer 190,100,38,4461958,5159290,A tiempo,0
AP-00850,2024-09-04,Iguazú,Buenos Aires,Iguazú-Buenos Aires,Embraer 190,100,87,10774713,5316957,Demorado,19
AP-00851,2024-09-05,Córdoba,Salta,Córdoba-Salta,ATR 72,70,28,2284490,2828840,Demorado,45
AP-00852,2024-09-05,Bariloche,Cordoba,Bariloche-Córdoba,Boeing 737-700,126,50,6923035,7974938,A tiempo,0
AP-00853,06/09/2024,Tucumán,BUENOS AIRES,Tucumán-Buenos Aires,Boeing 737-700,126,114,14397025,7502829,Demorado,67
AP-00854,06/09/2024,Buenos Aires,Salta,Buenos Aires-Salta,Boeing 737-700,126,107,13547678,8281482,A tiempo,0
AP-00855,2024-09-06,Bariloche,Córdoba,Bariloche-Córdoba,Boeing 737-700,126,48,6732912,8514216,A tiempo,0
AP-00856,2024-09-07,Neuquén,Buenos Aires,Neuquén-Buenos Aires,Embraer 190,100,96,11103007,5020858,Demorado,32
AP-00857,2024-09-07,Mendoza,Bs As,Mendoza-Buenos Aires,Boeing 737-700,126,123,12448492,7032410,Demorado,
AP-00858,2024-09-07,Córdoba,Buenos Aires,Córdoba-Buenos Aires,ATR 72,70,59,4845400,2574276,A tiempo,0
AP-00859,2024-09-07,Iguazú,BUENOS AIRES,Iguazú-Buenos Aires,Embraer 190,100,0,0,996481,Cancelado,0
AP-00860,07/09/2024,Córdoba,Salta,Córdoba-Salta,ATR 72,70,25,2084256,2699544,A tiempo,0
AP-00861,07/09/2024,Córdoba,Tucumán,Córdoba-Tucumán,ATR 72,70,47,3322351,2590926,Demorado,32
AP-00862,2024-09-08,Neuquén,Buenos Aires,Neuquén-Buenos Aires,Boeing 737-700,126,111,11943990,7168345,A tiempo,0
AP-00863,2024-09-08,Buenos Aires,Mendoza,Buenos Aires-Mendoza,Embraer 190,100,0,0,1004321,Cancelado,0
AP-00864,2024-09-09,Bariloche,Buenos Aires,Bariloche-Buenos Aires,Boeing 737-700,126,120,18186278,9096033,A tiempo,0
AP-00865,2024-09-09,Mendoza,Salta,Mendoza-Salta,Embraer 190,100,47,4949610,5157444,A tiempo,0
AP-00866,09/09/2024,Buenos Aires,Mendoza,Buenos Aires-Mendoza,Embraer 190,100,88,10240522,5206796,A tiempo,0
AP-00867,2024-09-09,Bariloche,Buenos Aires,Bariloche-Buenos Aires,Boeing 737-700,126,113,18622240,9304182,A tiempo,0
AP-00868,2024-09-09,Buenos Aires,Mendoza,Buenos Aires-Mendoza,Embraer 190,100,98,10056917,5133304,A tiempo,0
AP-00869,2024-09-09,Neuquén,Buenos Aires,Neuquén-Buenos Aires,Embraer 190,100,98,10385940,4856684,Demorado,49
AP-00870,2024-09-09,Córdoba,BARILOCHE,Córdoba-Bariloche,Boeing 737-700,126,56,7523868,8426605,A tiempo,0
AP-00871,2024-09-10,Bariloche,Buenos Aires,Bariloche-Buenos Aires,Boeing 737-700,126,122,18530790,8947714,A tiempo,0
AP-00872,10/09/2024,Ushuaia,Buenos Aires,Ushuaia-Buenos Aires,Boeing 737-700,126,113,23577843,11999753,A tiempo,0
AP-00873,2024-09-10,Neuquén,BUENOS AIRES,Neuquén-Buenos Aires,Embraer 190,100,84,9800969,4773328,A tiempo,0
AP-00874,10/09/2024,Salta,Tucumán,Salta-Tucumán,ATR 72,70,26,1594371,2179015,A tiempo,0
AP-00875,2024-09-10,Buenos Aires,Córdoba,Buenos Aires-Córdoba,ATR 72,70,66,5485620,2787292,A tiempo,0
AP-00876,10/09/2024,Buenos Aires,Ushuaia,Buenos Aires-Ushuaia,Boeing 737-700,126,107,23813299,11389391,A tiempo,0
AP-00877,10/09/2024,Salta,Buenos Aires,Salta-Buenos Aires,Boeing 737-700,126,112,15148945,7914029,A tiempo,0
AP-00877,10/09/2024,Salta,Buenos Aires,Salta-Buenos Aires,Boeing 737-700,126,112,15148945,7914029,A tiempo,0
AP-00878,12/09/2024,Mendoza,Salta,Mendoza-Salta,Embraer 190,100,32,3522328,4928776,A tiempo,0
AP-00879,12/09/2024,Ushuaia,Buenos Aires,Ushuaia-Buenos Aires,Embraer 190,100,90,21071512,8095573,A tiempo,0
AP-00880,12/09/2024,Buenos Aires,Córdoba,Buenos Aires-Córdoba,ATR 72,70,58,4936100,2624425,Demorado,66
AP-00881,2024-09-13,Buenos Aires,Neuquén,Buenos Aires-Neuquén,Embraer 190,100,93,9569380,4931929,A tiempo,0
AP-00882,13/09/2024,Rosario,Córdoba,Rosario-Córdoba,ATR 72,70,46,3174232,2347714,Demorado,38
AP-00883,2024-09-13,Buenos Aires,Córdoba,Buenos Aires-Córdoba,ATR 72,70,62,5401657,2825565,A tiempo,0
AP-00884,14/09/2024,Tucumán,Córdoba,Tucumán-Córdoba,ATR 72,70,49,3915230,2492791,Demorado,27
AP-00885,2024-09-14,Buenos Aires,Mendoza,Buenos Aires-Mendoza,Embraer 190,100,92,10700428,4900827,A tiempo,0
AP-00886,15/09/2024,Buenos Aires,Iguazú,Buenos Aires-Iguazú,Embraer 190,100,78,9147115,5198247,A tiempo,0
AP-00887,15/09/2024,Tucumán,Buenos Aires,Tucumán-Buenos Aires,Embraer 190,100,0,0,1009822,Cancelado,0
AP-00888,15/09/2024,Mendoza,Córdoba,Mendoza-Córdoba,ATR 72,70,49,4141020,2735014,A tiempo,0
AP-00889,2024-09-15,Buenos Aires,Salta,Buenos Aires-Salta,Boeing 737-700,126,120,16620872,8098943,A tiempo,0
AP-00890,15/09/2024,Salta,Mendoza,Salta-Mendoza,Embraer 190,100,39,4421475,5273777,A tiempo,0
AP-00891,2024-09-16,Córdoba,Mendoza,Córdoba-Mendoza,ATR 72,70,46,3545849,2582233,Demorado,18
AP-00892,2024-09-17,Buenos Aires,Neuquén,Buenos Aires-Neuquén,Embraer 190,100,96,10936460,4892775,A tiempo,0
AP-00893,2024-09-17,Rosario,Córdoba,Rosario-Córdoba,ATR 72,70,36,2380767,2201761,Demorado,17
AP-00893,2024-09-17,Rosario,Córdoba,Rosario-Córdoba,ATR 72,70,36,2380767,2201761,Demorado,17
AP-00894,2024-09-17,Córdoba,Mendoza,Córdoba-Mendoza,ATR 72,70,47,3830292,2676375,A tiempo,0
AP-00895,2024-09-17,Buenos Aires,Córdoba,Buenos Aires-Córdoba,ATR 72,70,62,5010152,2655380,A tiempo,0
AP-00896,2024-09-17,Buenos Aires,Tucumán,Buenos Aires-Tucumán,Embraer 190,100,93,10709843,5134332,A tiempo,
AP-00897,18/09/2024,Salta,Córdoba,Salta-Córdoba,ATR 72,70,26,2335032,2690980,Demorado,16
AP-00898,2024-09-18,Mendoza,Buenos Aires,Mendoza-Buenos Aires,Boeing 737-700,126,111,12210901,7468417,A tiempo,0
AP-00899,19/09/2024,Mendoza,Córdoba,Mendoza-Córdoba,ATR 72,70,43,3465037,2621227,Demorado,85
AP-00900,2024-09-19,Mendoza,Tucumán,Mendoza-Tucumán,Embraer 190,100,42,4542615,4820849,A tiempo,0
AP-00901,2024-09-19,Córdoba,Buenos Aires,Córdoba-Buenos Aires,ATR 72,70,,5266503,2823759,A tiempo,0
AP-00902,2024-09-19,Neuquén,Buenos Aires,Neuquén-Buenos Aires,Embraer 190,100,96,11051194,5101552,A tiempo,0
AP-00903,2024-09-20,Ushuaia,Buenos Aires,Ushuaia-Buenos Aires,Boeing 737-700,126,111,23155168,11260429,Demorado,51
AP-00904,20/09/2024,Iguazú,Buenos Aires,Iguazú-Buenos Aires,Embraer 190,100,85,10611654,5267411,A tiempo,0
AP-00905,2024-09-20,Buenos Aires,Córdoba,Buenos Aires-Córdoba,Embraer 190,100,89,7924456,4383239,Demorado,17
AP-00906,2024-09-20,Córdoba,Bs As,Córdoba-Buenos Aires,ATR 72,70,62,5602416,2647105,A tiempo,0
AP-00907,2024-09-20,Neuquén,Buenos Aires,Neuquén-Buenos Aires,Embraer 190,100,95,9699958,5117599,A tiempo,0
AP-00908,21/09/2024,Bariloche,Neuquén,Bariloche-Neuquén,ATR 72,70,48,2910408,2179108,A tiempo,0
AP-00909,2024-09-22,Rosario,Córdoba,Rosario-Córdoba,ATR 72,70,37,2241079,2225315,A tiempo,0
AP-00910,2024-09-22,Buenos Aires,Iguazú,Buenos Aires-Iguazú,Embraer 190,100,89,10781664,5336119,Demorado,73
AP-00911,2024-09-23,Córdoba,Buenos Aires,Córdoba-Buenos Aires,ATR 72,70,64,5746583,2570766,Demorado,66
AP-00912,2024-09-23,Buenos Aires,Rosario,Buenos Aires-Rosario,ATR 72,70,63,3701254,2104421,A tiempo,0
AP-00913,2024-09-24,Buenos Aires,Bariloche,Buenos Aires-Bariloche,Boeing 737-700,126,117,18910163,8930034,A tiempo,0
AP-00914,2024-09-24,Córdoba,Salta,Córdoba-Salta,ATR 72,70,27,2508915,2744462,Demorado,33
AP-00915,2024-09-24,Córdoba,Tucumán,Córdoba-Tucumán,ATR 72,70,48,3681496,2607929,A tiempo,0
AP-00916,2024-09-24,Buenos Aires,Rosario,Buenos Aires-Rosario,ATR 72,70,62,3682047,2256253,Demorado,79
AP-00917,2024-09-24,Córdoba,Bariloche,Córdoba-Bariloche,Boeing 737-700,126,39,4930377,8585468,A tiempo,0
AP-00918,2024-09-24,Córdoba,BUENOS AIRES,Córdoba-Buenos Aires,ATR 72,70,65,5304887,2783659,A tiempo,0
AP-00919,25/09/2024,Mendoza,Córdoba,Mendoza-Córdoba,ATR 72,70,47,3931983,2535157,A tiempo,0
AP-00920,2024-09-26,Buenos Aires,Salta,Buenos Aires-Salta,Boeing 737-700,126,108,15358248,7833872,A tiempo,0
AP-00921,2024-09-26,Salta,Córdoba,Salta-Córdoba,ATR 72,70,27,2376771,2912166,Demorado,20
AP-00922,2024-09-26,Bariloche,Bs As,Bariloche-Buenos Aires,Boeing 737-700,126,116,17512462,8887579,A tiempo,0
AP-00923,26/09/2024,Córdoba,Mendoza,Córdoba-Mendoza,ATR 72,70,54,4273697,2560188,Demorado,23
AP-00924,2024-09-27,Salta,Mendoza,Salta-Mendoza,Embraer 190,100,44,5139371,4870806,Demorado,36
AP-00925,2024-09-27,Córdoba,Buenos Aires,Córdoba-Buenos Aires,ATR 72,70,62,5045151,2599322,A tiempo,0
AP-00926,2024-09-27,Buenos Aires,Tucumán,Buenos Aires-Tucumán,Embraer 190,100,92,11227277,5430144,A tiempo,0
AP-00927,28/09/2024,Mendoza,Córdoba,Mendoza-Córdoba,ATR 72,70,47,3952947,2644822,A tiempo,0
AP-00928,28/09/2024,Buenos Aires,Tucumán,Buenos Aires-Tucumán,Embraer 190,100,90,9858164,5042933,A tiempo,0
AP-00929,2024-09-29,Bariloche,Buenos Aires,Bariloche-Buenos Aires,Boeing 737-700,126,121,19019080,9385605,Demorado,80
AP-00930,2024-09-29,Bariloche,Buenos Aires,Bariloche-Buenos Aires,Boeing 737-700,126,112,16218807,9393147,A tiempo,0
AP-00931,2024-09-29,Buenos Aires,mendoza,Buenos Aires-Mendoza,Embraer 190,100,93,10111622,5053445,Demorado,65
AP-00932,2024-09-29,Tucumán,Cordoba,Tucumán-Córdoba,ATR 72,70,51,4069404,2498934,A tiempo,0
AP-00933,2024-09-30,Buenos Aires,Iguazú,Buenos Aires-Iguazú,Boeing 737-700,126,107,11650960,7337654,A tiempo,0
AP-00934,2024-09-30,Córdoba,Buenos Aires,Córdoba-Buenos Aires,ATR 72,70,63,5161285,2827491,A tiempo,0
AP-00935,30/09/2024,Salta,BUENOS AIRES,Salta-Buenos Aires,Boeing 737-700,126,114,15855314,8338468,A tiempo,0
AP-00936,30/09/2024,Buenos Aires,Salta,Buenos Aires-Salta,Boeing 737-700,126,110,15551086,8347051,A tiempo,0
AP-00937,2024-10-01,Mendoza,Buenos Aires,Mendoza-Buenos Aires,Boeing 737-700,126,112,11584699,7530652,A tiempo,0
AP-00938,2024-10-02,Tucumán,Buenos Aires,Tucumán-Buenos Aires,Boeing 737-700,126,97,11236446,7555399,A tiempo,0
AP-00939,2024-10-02,Salta,Buenos Aires,Salta-Buenos Aires,Boeing 737-700,126,106,13607195,8496482,A tiempo,0
AP-00940,2024-10-03,Buenos Aires,Salta,Buenos Aires-Salta,Boeing 737-700,126,114,14980318,8530573,A tiempo,0
AP-00941,2024-10-03,Córdoba,Mendoza,Córdoba-Mendoza,ATR 72,70,41,3266285,2728488,A tiempo,0
AP-00942,2024-10-03,Buenos Aires,Bariloche,Buenos Aires-Bariloche,Boeing 737-700,126,106,16893905,9487286,Demorado,31
AP-00943,2024-10-03,Neuquén,Buenos Aires,Neuquén-Buenos Aires,Embraer 190,100,81,8630834,5229627,A tiempo,0
AP-00944,03/10/2024,Iguazú,Bs As,Iguazú-Buenos Aires,Embraer 190,100,76,8993378,5529241,A tiempo,0
AP-00945,2024-10-04,Iguazú,Buenos Aires,Iguazú-Buenos Aires,Boeing 737-700,126,100,12560802,7513696,A tiempo,0
AP-00946,2024-10-04,Buenos Aires,Neuquén,Buenos Aires-Neuquén,Embraer 190,100,86,9456163,5002331,A tiempo,0
AP-00947,2024-10-05,Iguazú,Buenos Aires,Iguazú-Buenos Aires,Embraer 190,100,76,9728977,5490069,A tiempo,0
AP-00948,2024-10-05,Salta,Mendoza,Salta-Mendoza,Boeing 737-700,126,44,5019482,7831189,A tiempo,0
AP-00949,2024-10-05,Neuquén,Buenos Aires,Neuquén-Buenos Aires,Boeing 737-700,126,111,12911973,7234443,A tiempo,0
AP-00950,2024-10-06,Buenos Aires,Iguazú,Buenos Aires-Iguazú,Embraer 190,100,70,8610944,5255594,A tiempo,0
AP-00951,2024-10-06,Neuquén,Bariloche,Neuquén-Bariloche,ATR 72,70,49,3140912,2304160,A tiempo,0
AP-00952,06/10/2024,Buenos Aires,Iguazu,Buenos Aires-Iguazú,Boeing 737-700,126,100,11856926,7672832,A tiempo,0
AP-00953,2024-10-06,Bariloche,Buenos Aires,Bariloche-Buenos Aires,Boeing 737-700,126,99,14615769,9296322,A tiempo,0
AP-00954,07/10/2024,Mendoza,Buenos Aires,Mendoza-Buenos Aires,Embraer 190,100,81,8451584,5215609,A tiempo,0
AP-00955,2024-10-07,Mendoza,Buenos Aires,Mendoza-Buenos Aires,Boeing 737-700,126,114,12869358,7291462,A tiempo,0
AP-00956,2024-10-08,Salta,Córdoba,Salta-Córdoba,ATR 72,70,22,1890822,2803689,Demorado,62
AP-00957,2024-10-08,Rosario,Buenos Aires,Rosario-Buenos Aires,ATR 72,70,58,3444923,2185028,A tiempo,0
AP-00958,08/10/2024,Córdoba,Bariloche,Córdoba-Bariloche,Boeing 737-700,126,48,7074427,8791386,A tiempo,0
AP-00959,2024-10-09,Iguazú,Buenos Aires,Iguazú-Buenos Aires,Boeing 737-700,126,97,12207851,7868352,A tiempo,0
AP-00960,09/10/2024,Buenos Aires,ushuaia,Buenos Aires-Ushuaia,Boeing 737-700,126,94,19875152,11174700,A tiempo,0
AP-00961,09/10/2024,Buenos Aires,Córdoba,Buenos Aires-Córdoba,ATR 72,70,58,5118276,2685597,A tiempo,0
AP-00962,2024-10-10,Neuquén,Buenos Aires,Neuquén-Buenos Aires,Embraer 190,100,79,8708597,4950470,Demorado,55
AP-00963,2024-10-10,Buenos Aires,Iguazú,Buenos Aires-Iguazú,Boeing 737-700,126,106,13257771,7840801,A tiempo,0
AP-00964,2024-10-11,Tucumán,Salta,Tucumán-Salta,ATR 72,70,26,1570427,2183102,A tiempo,0
AP-00965,2024-10-11,Bariloche,Buenos Aires,Bariloche-Buenos Aires,Boeing 737-700,126,101,15084091,8896486,A tiempo,0
AP-00966,2024-10-11,Iguazú,Buenos Aires,Iguazú-Buenos Aires,Boeing 737-700,126,100,11283962,7388424,A tiempo,0
AP-00967,11/10/2024,Buenos Aires,Neuquén,Buenos Aires-Neuquén,Embraer 190,100,80,8303269,5142693,Demorado,20
AP-00968,2024-10-11,Neuquén,Buenos Aires,Neuquén-Buenos Aires,Embraer 190,100,86,9001334,5084309,Demorado,20
AP-00969,2024-10-11,Iguazú,Buenos Aires,Iguazú-Buenos Aires,Boeing 737-700,126,87,10555038,7654319,A tiempo,0
AP-00970,2024-10-11,Córdoba,Rosario,Córdoba-Rosario,ATR 72,70,41,2860213,2308376,A tiempo,0
AP-00971,2024-10-12,Mendoza,Buenos Aires,Mendoza-Buenos Aires,Boeing 737-700,126,102,11688006,7630098,A tiempo,0
AP-00972,2024-10-12,Córdoba,Mendoza,Córdoba-Mendoza,ATR 72,70,43,3554924,2629744,Demorado,18
AP-00973,2024-10-13,Buenos Aires,Neuquén,Buenos Aires-Neuquén,Embraer 190,100,80,8205339,4804612,A tiempo,0
AP-00974,2024-10-13,Salta,Mendoza,Salta-Mendoza,Embraer 190,100,41,4808147,5059432,A tiempo,0
AP-00975,2024-10-13,Tucumán,Córdoba,Tucumán-Córdoba,ATR 72,70,44,3088230,2539141,A tiempo,0
AP-00976,13/10/2024,Salta,Buenos Aires,Salta-Buenos Aires,Boeing 737-700,126,103,14473975,7972088,A tiempo,0
AP-00977,2024-10-13,Bariloche,Buenos Aires,Bariloche-Buenos Aires,Boeing 737-700,126,110,16227361,9503806,Demorado,85
AP-00978,14/10/2024,Tucumán,SALTA,Tucumán-Salta,ATR 72,70,26,1595114,2127649,A tiempo,0
AP-00978,14/10/2024,Tucumán,SALTA,Tucumán-Salta,ATR 72,70,26,1595114,2127649,A tiempo,0
AP-00979,2024-10-14,Ushuaia,Buenos Aires,Ushuaia-Buenos Aires,Boeing 737-700,126,105,24260170,11978699,A tiempo,0
AP-00980,14/10/2024,Salta,Córdoba,Salta-Córdoba,ATR 72,70,21,1933481,2681451,A tiempo,0
AP-00981,2024-10-14,Buenos Aires,Mendoza,Buenos Aires-Mendoza,Embraer 190,100,86,9941993,4892673,A tiempo,0
AP-00982,2024-10-14,Buenos Aires,Neuquén,Buenos Aires-Neuquén,Embraer 190,100,79,8719330,5186697,A tiempo,0
AP-00983,15/10/2024,Bariloche,Neuquén,Bariloche-Neuquén,ATR 72,70,42,2435145,2290478,A tiempo,0
AP-00984,2024-10-15,Bariloche,Córdoba,Bariloche-Córdoba,Boeing 737-700,126,47,6688777,8384461,A tiempo,0
AP-00985,15/10/2024,Salta,Buenos Aires,Salta-Buenos Aires,Boeing 737-700,126,95,12294049,8005699,A tiempo,0
AP-00986,2024-10-15,Mendoza,Córdoba,Mendoza-Córdoba,ATR 72,70,44,3538953,2672240,Demorado,48
AP-00987,2024-10-15,Buenos Aires,Iguazú,Buenos Aires-Iguazú,Embraer 190,100,77,8795009,5254136,A tiempo,0
AP-00988,15/10/2024,Buenos Aires,Córdoba,Buenos Aires-Córdoba,Embraer 190,100,77,6769298,4287659,A tiempo,0
AP-00989,2024-10-15,Buenos Aires,Rosario,Buenos Aires-Rosario,ATR 72,70,51,2811148,2246223,Demorado,41
AP-00990,2024-10-15,Buenos Aires,Rosario,Buenos Aires-Rosario,ATR 72,70,58,3224409,2232689,Demorado,32
AP-00991,2024-10-17,Córdoba,Salta,Córdoba-Salta,ATR 72,70,27,2561294,2771248,A tiempo,0
AP-00992,2024-10-17,Buenos Aires,Ushuaia,Buenos Aires-Ushuaia,Boeing 737-700,126,94,19602938,11448284,A tiempo,0
AP-00993,2024-10-17,Bariloche,Buenos Aires,Bariloche-Buenos Aires,Boeing 737-700,126,112,17012533,9432746,Demorado,18
AP-00994,18/10/2024,Buenos Aires,Córdoba,Buenos Aires-Córdoba,ATR 72,70,54,4963644,2810101,A tiempo,0
AP-00995,2024-10-18,Tucumán,Buenos Aires,Tucumán-Buenos Aires,Boeing 737-700,126,97,11338488,7922521,A tiempo,0
AP-00996,2024-10-19,Bariloche,Buenos Aires,Bariloche-Buenos Aires,Boeing 737-700,126,104,17336355,8931522,A tiempo,0
AP-00997,2024-10-19,Mendoza,Córdoba,Mendoza-Córdoba,ATR 72,70,39,3227501,2676801,Demorado,27
AP-00998,19/10/2024,Salta,Buenos Aires,Salta-Buenos Aires,Boeing 737-700,126,102,14137734,8165706,A tiempo,0
AP-00999,2024-10-19,Córdoba,Bariloche,Córdoba-Bariloche,Boeing 737-700,126,41,5212354,8631386,A tiempo,0
AP-01000,2024-10-19,Mendoza,Tucumán,Mendoza-Tucumán,Embraer 190,100,38,3980402,5014494,Demorado,41
AP-01001,2024-10-20,Neuquén,Buenos Aires,Neuquén-Buenos Aires,Embraer 190,100,85,9732340,5000766,A tiempo,0
AP-01002,2024-10-20,Salta,Córdoba,Salta-Córdoba,Embraer 190,100,38,3252025,4348606,Demorado,63
AP-01003,2024-10-21,Córdoba,Mendoza,Córdoba-Mendoza,ATR 72,70,44,3539895,2774487,A tiempo,0
AP-01004,2024-10-21,Iguazú,Buenos Aires,Iguazú-Buenos Aires,Embraer 190,100,82,9938074,5201568,A tiempo,0
AP-01005,2024-10-21,Buenos Aires,Mendoza,Buenos Aires-Mendoza,Embraer 190,100,80,8285072,4962579,A tiempo,0
AP-01006,2024-10-22,Buenos Aires,Tucumán,Buenos Aires-Tucumán,Embraer 190,100,77,8761653,5249243,A tiempo,0
AP-01007,2024-10-22,Buenos Aires,Iguazú,Buenos Aires-Iguazú,Embraer 190,100,79,9927552,5276170,A tiempo,0
AP-01008,2024-10-22,Córdoba,Tucumán,Córdoba-Tucumán,ATR 72,70,48,3804478,2635957,A tiempo,0
AP-01009,2024-10-22,Ushuaia,Bs As,Ushuaia-Buenos Aires,Boeing 737-700,126,96,20032241,12163307,A tiempo,0
AP-01010,22/10/2024,Mendoza,Salta,Mendoza-Salta,Boeing 737-700,126,40,4792218,7475666,A tiempo,0
AP-01011,22/10/2024,Buenos Aires,Neuquén,Buenos Aires-Neuquén,Boeing 737-700,126,97,11051849,7754412,A tiempo,0
AP-01012,2024-10-23,Mendoza,Buenos Aires,Mendoza-Buenos Aires,Boeing 737-700,126,104,12358236,7694092,A tiempo,0
AP-01013,2024-10-24,Tucumán,Salta,Tucumán-Salta,ATR 72,70,28,1626353,2258075,A tiempo,0
AP-01014,24/10/2024,Buenos Aires,Ushuaia,Buenos Aires-Ushuaia,Boeing 737-700,126,91,21032443,11680406,Demorado,15
AP-01015,2024-10-24,Salta,Buenos Aires,Salta-Buenos Aires,Boeing 737-700,126,100,13312256,8288684,Demorado,33
AP-01016,2024-10-26,Buenos Aires,Neuquén,Buenos Aires-Neuquén,Embraer 190,100,79,9270079,4966603,A tiempo,0
AP-01017,2024-10-26,Córdoba,BUENOS AIRES,Córdoba-Buenos Aires,ATR 72,70,60,5165891,2807094,Demorado,26
AP-01018,2024-10-27,Buenos Aires,Neuquén,Buenos Aires-Neuquén,Embraer 190,100,88,9144723,5127097,A tiempo,0
AP-01019,2024-10-27,Buenos Aires,ushuaia,Buenos Aires-Ushuaia,Boeing 737-700,126,94,21519140,11051868,A tiempo,0
AP-01020,27/10/2024,Buenos Aires,Tucumán,Buenos Aires-Tucumán,Boeing 737-700,126,99,11320157,7630299,A tiempo,0
AP-01021,2024-10-27,Bariloche,Córdoba,Bariloche-Córdoba,Boeing 737-700,126,47,6926435,8208327,A tiempo,0
AP-01022,2024-10-27,Buenos Aires,ushuaia,Buenos Aires-Ushuaia,Embraer 190,100,71,15297400,8233117,A tiempo,0
AP-01023,2024-10-28,Buenos Aires,Bariloche,Buenos Aires-Bariloche,Boeing 737-700,126,106,16849095,8811119,A tiempo,0
AP-01024,2024-10-28,Tucumán,Buenos Aires,Tucumán-Buenos Aires,Boeing 737-700,126,104,11549367,7401022,A tiempo,0
AP-01025,28/10/2024,Salta,Córdoba,Salta-Córdoba,Embraer 190,100,37,3395333,4300781,A tiempo,0
AP-01026,2024-10-28,Buenos Aires,Mendoza,Buenos Aires-Mendoza,Boeing 737-700,126,105,12574000,7190682,A tiempo,0
AP-01027,2024-10-28,Buenos Aires,Bariloche,Buenos Aires-Bariloche,Boeing 737-700,126,97,16194524,9026733,A tiempo,0
AP-01028,2024-10-29,Córdoba,Buenos Aires,Córdoba-Buenos Aires,ATR 72,70,51,4167414,2867160,A tiempo,0
AP-01029,29/10/2024,Buenos Aires,Córdoba,Buenos Aires-Córdoba,ATR 72,70,57,4654492,2683839,A tiempo,0
AP-01030,2024-10-29,Bariloche,Neuquén,Bariloche-Neuquén,ATR 72,70,45,2769575,2369138,A tiempo,0
AP-01031,29/10/2024,Mendoza,Córdoba,Mendoza-Córdoba,Embraer 190,100,68,5127653,4333949,A tiempo,0
AP-01032,2024-10-29,Buenos Aires,Salta,Buenos Aires-Salta,Boeing 737-700,126,98,13037162,8285674,A tiempo,0
AP-01033,2024-10-29,Buenos Aires,Rosario,Buenos Aires-Rosario,ATR 72,70,59,3630503,2280772,A tiempo,0
AP-01034,2024-10-30,Buenos Aires,Tucumán,Buenos Aires-Tucumán,Boeing 737-700,126,0,0,1478691,Cancelado,0
AP-01035,2024-10-30,Córdoba,Bariloche,Córdoba-Bariloche,Boeing 737-700,126,49,6243883,8044267,A tiempo,0
AP-01036,2024-10-30,Mendoza,Tucumán,Mendoza-Tucumán,Embraer 190,100,41,4458272,5041965,Demorado,20
AP-01037,31/10/2024,Salta,Buenos Aires,Salta-Buenos Aires,Boeing 737-700,126,,15559841,8620623,A tiempo,0
AP-01038,2024-10-31,Tucumán,Córdoba,Tucumán-Córdoba,ATR 72,70,43,3043667,2403773,A tiempo,0
AP-01039,2024-10-31,Córdoba,Rosario,Córdoba-Rosario,ATR 72,70,37,2454050,2444490,A tiempo,0
AP-01040,31/10/2024,Buenos Aires,Bariloche,Buenos Aires-Bariloche,Boeing 737-700,126,104,16304722,9378554,A tiempo,0
AP-01041,31/10/2024,Bariloche,Bs As,Bariloche-Buenos Aires,Boeing 737-700,126,95,14519136,8729276,A tiempo,0
AP-01042,2024-10-31,Tucumán,Buenos Aires,Tucumán-Buenos Aires,Embraer 190,100,77,9111654,5429262,Demorado,65
AP-01043,2024-11-01,Rosario,Córdoba,Rosario-Córdoba,Embraer 190,100,54,3408930,3960233,A tiempo,0
AP-01044,2024-11-01,Tucumán,Mendoza,Tucumán-Mendoza,Boeing 737-700,126,48,5292351,7382076,A tiempo,0
AP-01045,2024-11-01,Mendoza,Córdoba,Mendoza-Córdoba,ATR 72,70,42,3506250,2678011,A tiempo,0
AP-01046,2024-11-01,Tucumán,Córdoba,Tucumán-Córdoba,ATR 72,70,43,3482486,2608799,A tiempo,0
AP-01047,2024-11-02,Buenos Aires,Puerto Iguazú,Buenos Aires-Iguazú,Embraer 190,100,79,8963479,5272952,A tiempo,0
AP-01048,03/11/2024,Córdoba,Tucuman,Córdoba-Tucumán,ATR 72,70,42,2952457,2500860,A tiempo,0
AP-01049,2024-11-03,Córdoba,Rosario,Córdoba-Rosario,ATR 72,70,34,2282506,2295510,A tiempo,0
AP-01050,2024-11-03,Buenos Aires,Salta,Buenos Aires-Salta,Boeing 737-700,126,107,15153509,8107303,A tiempo,0
AP-01051,2024-11-04,Iguazú,Buenos Aires,Iguazú-Buenos Aires,Embraer 190,100,75,8903946,5164476,A tiempo,0
AP-01052,2024-11-04,Neuquén,Bariloche,Neuquén-Bariloche,ATR 72,70,41,2658073,2332105,A tiempo,0
AP-01053,04/11/2024,Buenos Aires,Cordoba,Buenos Aires-Córdoba,ATR 72,70,56,4679452,2791056,A tiempo,0
AP-01054,2024-11-05,Neuquén,Bariloche,Neuquén-Bariloche,ATR 72,70,46,2891174,2370606,A tiempo,0
AP-01055,2024-11-05,Mendoza,BUENOS AIRES,Mendoza-Buenos Aires,Embraer 190,100,82,8963574,5038612,Demorado,16
AP-01056,2024-11-05,Ushuaia,Buenos Aires,Ushuaia-Buenos Aires,Boeing 737-700,126,99,21835016,11499532,A tiempo,0
AP-01057,06/11/2024,Bariloche,Neuquén,Bariloche-Neuquén,ATR 72,70,46,2723979,2306047,A tiempo,0
AP-01058,2024-11-06,Bariloche,Buenos Aires,Bariloche-Buenos Aires,Boeing 737-700,126,97,15353390,9503291,Demorado,31
AP-01059,06/11/2024,Buenos Aires,Bariloche,Buenos Aires-Bariloche,Boeing 737-700,126,104,16189046,8852046,A tiempo,0
AP-01060,06/11/2024,Tucumán,Buenos Aires,Tucumán-Buenos Aires,Boeing 737-700,126,106,13840795,8163194,A tiempo,0
AP-01061,07/11/2024,Mendoza,Salta,Mendoza-Salta,Boeing 737-700,126,42,4903243,7475163,A tiempo,0
AP-01062,2024-11-07,Córdoba,Bs As,Córdoba-Buenos Aires,ATR 72,70,60,5171102,2691725,A tiempo,0
AP-01063,2024-11-07,Salta,Córdoba,Salta-Córdoba,ATR 72,70,26,2324661,2832269,A tiempo,0
AP-01064,07/11/2024,Mendoza,Buenos Aires,Mendoza-Buenos Aires,Embraer 190,100,91,10729556,5048806,A tiempo,0
AP-01065,08/11/2024,Tucumán,Salta,Tucumán-Salta,ATR 72,70,0,0,441900,Cancelado,0
AP-01066,08/11/2024,Bariloche,Córdoba,Bariloche-Córdoba,Boeing 737-700,126,43,5814408,8500775,A tiempo,0
AP-01067,08/11/2024,Buenos Aires,Ushuaia,Buenos Aires-Ushuaia,Boeing 737-700,126,98,22766694,12154398,Demorado,44
AP-01068,2024-11-09,Buenos Aires,ushuaia,Buenos Aires-Ushuaia,Boeing 737-700,126,101,22302288,11547614,A tiempo,0
AP-01069,09/11/2024,Ushuaia,Buenos Aires,Ushuaia-Buenos Aires,Boeing 737-700,126,91,19328575,11662044,A tiempo,0
AP-01070,10/11/2024,Buenos Aires,Neuquén,Buenos Aires-Neuquén,Embraer 190,100,82,8932108,5034726,A tiempo,0
AP-01071,2024-11-11,Buenos Aires,Córdoba,Buenos Aires-Córdoba,Embraer 190,100,83,7023961,4354495,A tiempo,0
AP-01072,11/11/2024,Buenos Aires,Córdoba,Buenos Aires-Córdoba,Embraer 190,100,81,7500368,4513554,A tiempo,0
AP-01073,11/11/2024,Córdoba,Buenos Aires,Córdoba-Buenos Aires,Embraer 190,100,77,7171857,4297053,A tiempo,0
AP-01074,2024-11-11,Tucumán,BUENOS AIRES,Tucumán-Buenos Aires,Embraer 190,100,74,8837340,5194682,A tiempo,0
AP-01075,2024-11-12,Bariloche,Buenos Aires,Bariloche-Buenos Aires,Boeing 737-700,126,108,17548212,9046365,A tiempo,0
AP-01076,2024-11-13,Neuquén,Buenos Aires,Neuquén-Buenos Aires,Embraer 190,100,89,9709653,5090692,A tiempo,0
AP-01077,2024-11-13,Tucumán,Salta,Tucumán-Salta,ATR 72,70,28,1540959,2316571,A tiempo,0
AP-01078,2024-11-13,Buenos Aires,Salta,Buenos Aires-Salta,Boeing 737-700,126,89,12400167,8667453,A tiempo,0
AP-01079,13/11/2024,Iguazú,Buenos Aires,Iguazú-Buenos Aires,Embraer 190,100,73,9049710,5487695,A tiempo,0
AP-01080,2024-11-13,Tucumán,Buenos Aires,Tucumán-Buenos Aires,Embraer 190,100,71,8325854,5573691,A tiempo,0
AP-01081,2024-11-13,Córdoba,Tucumán,Córdoba-Tucumán,ATR 72,70,43,3184141,2563156,A tiempo,0
AP-01082,2024-11-13,Salta,Córdoba,Salta-Córdoba,ATR 72,70,33,2805542,2872491,A tiempo,0
AP-01083,2024-11-13,Salta,Mendoza,Salta-Mendoza,Embraer 190,100,39,4776989,4953453,Demorado,17
AP-01084,2024-11-13,Tucumán,Mendoza,Tucumán-Mendoza,Embraer 190,100,34,3655948,5027574,A tiempo,0
AP-01085,2024-11-14,Buenos Aires,Córdoba,Buenos Aires-Córdoba,ATR 72,70,54,4782738,2770174,A tiempo,0
AP-01086,2024-11-14,Córdoba,Tucumán,Córdoba-Tucumán,ATR 72,70,43,3428110,2639491,A tiempo,0
AP-01087,2024-11-15,Mendoza,Córdoba,Mendoza-Córdoba,ATR 72,70,38,2958400,2660221,A tiempo,0
AP-01088,2024-11-15,Buenos Aires,Bariloche,Buenos Aires-Bariloche,Boeing 737-700,126,109,18571524,9490604,A tiempo,0
AP-01089,2024-11-15,Tucumán,Mendoza,Tucumán-Mendoza,Embraer 190,100,39,4495633,4955891,Demorado,18
AP-01090,15/11/2024,Buenos Aires,Mendoza,Buenos Aires-Mendoza,Boeing 737-700,126,110,13125601,7666072,A tiempo,0
AP-01091,15/11/2024,Neuquén,Buenos Aires,Neuquén-Buenos Aires,Embraer 190,100,80,8425431,4871117,A tiempo,0
AP-01092,16/11/2024,Buenos Aires,Bariloche,Buenos Aires-Bariloche,Boeing 737-700,126,111,16488205,9037716,A tiempo,0
AP-01093,16/11/2024,Tucumán,Buenos Aires,Tucumán-Buenos Aires,Embraer 190,100,76,8734530,5184269,A tiempo,0
AP-01094,16/11/2024,Córdoba,Mendoza,Córdoba-Mendoza,ATR 72,70,42,3597058,2709255,A tiempo,0
AP-01095,2024-11-17,Iguazú,Buenos Aires,Iguazú-Buenos Aires,Boeing 737-700,126,102,11488242,7600185,A tiempo,
AP-01096,2024-11-18,Buenos Aires,Tucumán,Buenos Aires-Tucumán,Boeing 737-700,126,93,10516034,7475072,A tiempo,0
AP-01097,18/11/2024,Buenos Aires,Salta,Buenos Aires-Salta,Boeing 737-700,126,103,15128175,8431629,A tiempo,0
AP-01097,18/11/2024,Buenos Aires,Salta,Buenos Aires-Salta,Boeing 737-700,126,103,15128175,8431629,A tiempo,0
AP-01098,2024-11-18,Tucumán,Córdoba,Tucumán-Córdoba,ATR 72,70,44,3477496,2658547,A tiempo,0
AP-01099,2024-11-18,Mendoza,Buenos Aires,Mendoza-Buenos Aires,Embraer 190,100,82,9208131,4962227,A tiempo,0
AP-01100,2024-11-19,Tucumán,Buenos Aires,Tucumán-Buenos Aires,Embraer 190,100,79,9409571,5553694,A tiempo,0
AP-01101,19/11/2024,Córdoba,Salta,Córdoba-Salta,ATR 72,70,23,1965198,2834990,A tiempo,0
AP-01102,2024-11-19,Córdoba,Tucumán,Córdoba-Tucumán,Embraer 190,100,60,4489054,4211884,A tiempo,0
AP-01103,2024-11-19,Buenos Aires,Tucumán,Buenos Aires-Tucumán,Embraer 190,100,81,9407937,5620152,A tiempo,0
AP-01104,19/11/2024,Córdoba,Mendoza,Córdoba-Mendoza,ATR 72,70,40,3109783,2623902,A tiempo,0
AP-01105,2024-11-19,Neuquén,Bariloche,Neuquén-Bariloche,ATR 72,70,48,2820054,2346184,A tiempo,0
AP-01106,2024-11-20,Mendoza,Salta,Mendoza-Salta,Embraer 190,100,31,3731537,5300637,A tiempo,0
AP-01107,21/11/2024,Iguazú,Buenos Aires,Iguazú-Buenos Aires,Embraer 190,100,71,8757506,5302178,Demorado,43
AP-01108,2024-11-21,Buenos Aires,Mendoza,Buenos Aires-Mendoza,Embraer 190,100,79,9290531,4879487,A tiempo,0
AP-01109,2024-11-21,Bariloche,Buenos Aires,Bariloche-Buenos Aires,Boeing 737-700,126,97,14264973,8801938,Demorado,69
AP-01110,21/11/2024,Bariloche,Buenos Aires,Bariloche-Buenos Aires,Boeing 737-700,126,105,15709312,8977120,A tiempo,0
AP-01111,22/11/2024,Iguazú,Buenos Aires,Iguazú-Buenos Aires,Embraer 190,100,82,10184775,5583470,A tiempo,0
AP-01112,2024-11-22,Córdoba,Buenos Aires,Córdoba-Buenos Aires,Embraer 190,100,71,6395525,4567031,A tiempo,0
AP-01113,2024-11-23,Buenos Aires,Neuquén,Buenos Aires-Neuquén,Embraer 190,100,0,0,1007626,Cancelado,0
AP-01114,23/11/2024,Salta,Buenos Aires,Salta-Buenos Aires,Boeing 737-700,126,100,12862237,8276849,A tiempo,0
AP-01115,2024-11-23,Buenos Aires,Bariloche,Buenos Aires-Bariloche,Boeing 737-700,126,105,17330801,9505360,Demorado,65
AP-01116,24/11/2024,Mendoza,Salta,Mendoza-Salta,Embraer 190,100,37,4368940,5182267,A tiempo,0
AP-01117,2024-11-24,Tucumán,Buenos Aires,Tucumán-Buenos Aires,Embraer 190,100,80,9611606,5239292,A tiempo,0
AP-01118,2024-11-24,Córdoba,Bs As,Córdoba-Buenos Aires,Embraer 190,100,72,6060650,4222114,A tiempo,0
AP-01119,2024-11-25,Neuquén,Bariloche,Neuquén-Bariloche,ATR 72,70,48,2932790,2218388,A tiempo,0
AP-01120,2024-11-25,Buenos Aires,Córdoba,Buenos Aires-Córdoba,ATR 72,70,57,5039386,2690112,A tiempo,0
AP-01121,2024-11-25,Córdoba,Mendoza,Córdoba-Mendoza,ATR 72,70,47,4013042,2672195,Demorado,44
AP-01121,2024-11-25,Córdoba,Mendoza,Córdoba-Mendoza,ATR 72,70,47,4013042,2672195,Demorado,44
AP-01122,2024-11-25,Córdoba,Rosario,Córdoba-Rosario,ATR 72,70,35,2512643,2289037,A tiempo,0
AP-01123,2024-11-25,Buenos Aires,Salta,Buenos Aires-Salta,Boeing 737-700,126,105,13922973,8327514,A tiempo,0
AP-01124,26/11/2024,Neuquén,Bariloche,Neuquén-Bariloche,ATR 72,70,43,2665145,2282400,A tiempo,0
AP-01125,2024-11-26,Buenos Aires,Ushuaia,Buenos Aires-Ushuaia,Boeing 737-700,126,100,24213428,11315307,A tiempo,0
AP-01126,2024-11-27,Buenos Aires,Ushuaia,Buenos Aires-Ushuaia,Boeing 737-700,126,93,21553852,11305650,A tiempo,0
AP-01127,2024-11-27,Córdoba,Buenos Aires,Córdoba-Buenos Aires,ATR 72,70,56,4629064,2747695,A tiempo,0
AP-01128,2024-11-29,Buenos Aires,Bariloche,Buenos Aires-Bariloche,Boeing 737-700,126,103,15857883,9561906,A tiempo,0
AP-01129,2024-11-29,Córdoba,Salta,Córdoba-Salta,Embraer 190,100,36,3323168,4305780,A tiempo,0
AP-01130,2024-11-29,Buenos Aires,Salta,Buenos Aires-Salta,Embraer 190,100,79,10733424,5851949,Demorado,44
AP-01131,29/11/2024,Iguazú,Buenos Aires,Iguazú-Buenos Aires,Embraer 190,100,78,9444094,5197164,A tiempo,0
AP-01132,30/11/2024,Buenos Aires,Iguazú,Buenos Aires-Iguazú,Boeing 737-700,126,101,12742260,7832660,A tiempo,0
AP-01133,2024-11-30,Buenos Aires,Puerto Iguazú,Buenos Aires-Iguazú,Boeing 737-700,126,95,12014855,7932202,Demorado,34
AP-01134,2024-11-30,Córdoba,Buenos Aires,Córdoba-Buenos Aires,ATR 72,70,65,5498315,2789690,A tiempo,0
AP-01135,2024-11-30,Buenos Aires,Salta,Buenos Aires-Salta,Boeing 737-700,126,110,15205091,8704123,Demorado,46
AP-01136,2024-11-30,Mendoza,Córdoba,Mendoza-Córdoba,ATR 72,70,41,3216256,2816271,Demorado,39
AP-01137,2024-12-01,Mendoza,Buenos Aires,Mendoza-Buenos Aires,Embraer 190,100,96,10603545,5067128,A tiempo,0
AP-01138,2024-12-01,Mendoza,Buenos Aires,Mendoza-Buenos Aires,Embraer 190,100,98,11704325,5411957,A tiempo,0
AP-01139,2024-12-01,Córdoba,Buenos Aires,Córdoba-Buenos Aires,ATR 72,70,64,5305784,2695312,A tiempo,0
AP-01140,01/12/2024,Buenos Aires,Tucumán,Buenos Aires-Tucumán,Embraer 190,100,89,11325964,5421851,A tiempo,0
AP-01141,2024-12-01,Mendoza,Salta,Mendoza-Salta,Embraer 190,100,39,4422386,5157852,A tiempo,0
AP-01142,2024-12-02,Córdoba,Buenos Aires,Córdoba-Buenos Aires,ATR 72,70,67,,2922374,A tiempo,0
AP-01143,2024-12-03,Mendoza,Buenos Aires,Mendoza-Buenos Aires,Embraer 190,100,97,11363170,5082516,A tiempo,0
AP-01144,2024-12-03,Bariloche,Bs As,Bariloche-Buenos Aires,Boeing 737-700,126,123,19536033,9602540,A tiempo,0
AP-01145,2024-12-03,Mendoza,CORDOBA,Mendoza-Córdoba,ATR 72,70,51,4580385,2775512,A tiempo,0
AP-01146,2024-12-03,Buenos Aires,Neuquén,Buenos Aires-Neuquén,Embraer 190,100,85,10343092,5042516,A tiempo,0
AP-01147,2024-12-03,Tucumán,Bs As,Tucumán-Buenos Aires,Embraer 190,100,93,12139559,5586943,A tiempo,0
AP-01148,2024-12-04,Córdoba,Mendoza,Córdoba-Mendoza,ATR 72,70,44,3612009,2759281,Demorado,25
AP-01149,2024-12-04,Buenos Aires,Iguazú,Buenos Aires-Iguazú,Embraer 190,100,91,11649579,5503807,A tiempo,0
AP-01150,05/12/2024,Mendoza,Salta,Mendoza-Salta,Embraer 190,100,42,5046057,5281851,Demorado,68
AP-01151,2024-12-05,Neuquén,Bariloche,Neuquén-Bariloche,ATR 72,70,50,2981895,2230239,A tiempo,0
AP-01152,2024-12-05,Bariloche,Buenos Aires,Bariloche-Buenos Aires,Boeing 737-700,126,109,17682372,9310453,A tiempo,0
AP-01153,2024-12-06,Bariloche,BUENOS AIRES,Bariloche-Buenos Aires,Embraer 190,100,90,14729399,6568207,Demorado,20
AP-01154,2024-12-06,Mendoza,Buenos Aires,Mendoza-Buenos Aires,Boeing 737-700,126,122,14906473,7304540,A tiempo,0
AP-01155,2024-12-06,Salta,Buenos Aires,Salta-Buenos Aires,Boeing 737-700,126,113,16078932,8155050,Demorado,45
AP-01156,2024-12-07,Salta,Tucumán,Salta-Tucumán,ATR 72,70,31,1745125,2139560,A tiempo,0
AP-01157,2024-12-07,Buenos Aires,Tucumán,Buenos Aires-Tucumán,Embraer 190,100,89,11649486,5221600,A tiempo,0
AP-01158,07/12/2024,Bariloche,Buenos Aires,Bariloche-Buenos Aires,Boeing 737-700,126,115,18683826,9665846,A tiempo,0
AP-01159,2024-12-07,Córdoba,Mendoza,Córdoba-Mendoza,ATR 72,70,57,4869825,2805067,A tiempo,0
AP-01160,2024-12-07,Iguazú,Buenos Aires,Iguazú-Buenos Aires,Boeing 737-700,126,109,12759416,8198767,A tiempo,0
AP-01161,2024-12-07,Buenos Aires,Mendoza,Buenos Aires-Mendoza,Boeing 737-700,126,122,13724694,7245693,A tiempo,0
AP-01162,2024-12-07,Salta,Buenos Aires,Salta-Buenos Aires,Boeing 737-700,126,115,17203262,8346005,A tiempo,0
AP-01163,2024-12-08,Tucumán,Buenos Aires,Tucumán-Buenos Aires,Embraer 190,100,92,11426788,5500230,A tiempo,0
AP-01164,2024-12-09,Mendoza,Córdoba,Mendoza-Córdoba,ATR 72,70,51,4110437,2830896,A tiempo,0
AP-01165,2024-12-09,Córdoba,BUENOS AIRES,Córdoba-Buenos Aires,ATR 72,70,63,5363480,2758023,A tiempo,0
AP-01166,2024-12-09,Buenos Aires,Bariloche,Buenos Aires-Bariloche,Boeing 737-700,126,109,17209549,9566706,A tiempo,0
AP-01167,2024-12-09,Buenos Aires,Ushuaia,Buenos Aires-Ushuaia,Boeing 737-700,126,116,26188583,11580879,A tiempo,0
AP-01168,2024-12-09,Bariloche,Buenos Aires,Bariloche-Buenos Aires,Embraer 190,100,94,14318297,6627552,Demorado,68
AP-01169,2024-12-10,Buenos Aires,Neuquén,Buenos Aires-Neuquén,Embraer 190,100,87,9351622,5105973,A tiempo,0
AP-01170,2024-12-10,Buenos Aires,Ushuaia,Buenos Aires-Ushuaia,Boeing 737-700,126,117,25891988,12021946,A tiempo,0
AP-01171,2024-12-10,Buenos Aires,Salta,Buenos Aires-Salta,Boeing 737-700,126,121,15746981,8436020,Demorado,20
AP-01172,10/12/2024,Bariloche,Córdoba,Bariloche-Córdoba,Boeing 737-700,126,46,-6515078,8926660,A tiempo,0
AP-01173,11/12/2024,Neuquén,Buenos Aires,Neuquén-Buenos Aires,Boeing 737-700,126,114,12703291,7363560,Demorado,24
AP-01174,2024-12-11,Buenos Aires,Mendoza,Buenos Aires-Mendoza,Boeing 737-700,126,123,13572736,7843998,A tiempo,0
AP-01175,2024-12-11,Buenos Aires,Iguazú,Buenos Aires-Iguazú,Embraer 190,100,83,9742442,5662703,Demorado,57
AP-01176,11/12/2024,Rosario,Córdoba,Rosario-Córdoba,Embraer 190,100,64,4067099,3942607,A tiempo,0
AP-01177,2024-12-11,Rosario,Buenos Aires,Rosario-Buenos Aires,ATR 72,70,65,3817885,2309318,A tiempo,0
AP-01178,11/12/2024,Mendoza,BUENOS AIRES,Mendoza-Buenos Aires,Boeing 737-700,126,117,13484236,7853120,A tiempo,0
AP-01179,2024-12-11,Tucumán,Mendoza,Tucumán-Mendoza,Embraer 190,100,40,4047956,4999118,A tiempo,0
AP-01180,12/12/2024,Buenos Aires,Tucumán,Buenos Aires-Tucumán,Boeing 737-700,126,111,12992396,8054106,A tiempo,0
AP-01181,2024-12-13,Mendoza,Buenos Aires,Mendoza-Buenos Aires,Embraer 190,100,97,11791461,5173409,A tiempo,0
AP-01182,2024-12-13,Buenos Aires,Mendoza,Buenos Aires-Mendoza,Embraer 190,100,92,10315376,5392375,Demorado,75
AP-01183,2024-12-13,Buenos Aires,Córdoba,Buenos Aires-Córdoba,ATR 72,70,63,5331392,2866687,A tiempo,0
AP-01184,2024-12-13,Neuquén,Bariloche,Neuquén-Bariloche,ATR 72,70,52,3464635,2257108,A tiempo,0
AP-01185,2024-12-13,Buenos Aires,Mendoza,Buenos Aires-Mendoza,Embraer 190,100,97,11411342,5192876,A tiempo,0
AP-01186,2024-12-14,Buenos Aires,Mendoza,Buenos Aires-Mendoza,Embraer 190,100,95,11134605,5392213,Demorado,28
AP-01187,14/12/2024,Tucumán,CORDOBA,Tucumán-Córdoba,ATR 72,70,48,3476741,2587893,A tiempo,0
AP-01188,2024-12-14,Buenos Aires,Salta,Buenos Aires-Salta,Boeing 737-700,126,116,16531986,8710749,A tiempo,0
AP-01189,2024-12-14,Córdoba,Buenos Aires,Córdoba-Buenos Aires,ATR 72,70,65,5995581,2818041,A tiempo,0
AP-01190,2024-12-14,Córdoba,Buenos Aires,Córdoba-Buenos Aires,Embraer 190,100,86,7639087,4497988,Demorado,41
AP-01191,14/12/2024,Mendoza,Buenos Aires,Mendoza-Buenos Aires,Boeing 737-700,126,116,12992057,7694457,A tiempo,0
AP-01192,2024-12-14,Mendoza,Bs As,Mendoza-Buenos Aires,Embraer 190,100,98,10617191,5095672,A tiempo,0
AP-01193,2024-12-15,Neuquén,Buenos Aires,Neuquén-Buenos Aires,Embraer 190,100,94,9978462,5132057,A tiempo,0
AP-01194,2024-12-15,Mendoza,BUENOS AIRES,Mendoza-Buenos Aires,Embraer 190,100,97,10941160,5072108,A tiempo,0
AP-01195,15/12/2024,Buenos Aires,Mendoza,Buenos Aires-Mendoza,Embraer 190,100,97,10808990,5214904,A tiempo,0
AP-01196,2024-12-15,Rosario,Córdoba,Rosario-Córdoba,ATR 72,70,41,2770753,2335511,A tiempo,0
AP-01197,2024-12-15,Buenos Aires,Neuquén,Buenos Aires-Neuquén,Embraer 190,100,97,10329459,5026017,A tiempo,0
AP-01198,16/12/2024,Tucumán,Buenos Aires,Tucumán-Buenos Aires,Boeing 737-700,126,115,13194108,7920494,A tiempo,0
AP-01199,2024-12-17,Buenos Aires,Iguazú,Buenos Aires-Iguazú,Embraer 190,100,85,9753778,5606057,A tiempo,0
AP-01200,17/12/2024,Buenos Aires,Bariloche,Buenos Aires-Bariloche,Boeing 737-700,126,122,18984573,9420787,A tiempo,0
AP-01201,18/12/2024,Ushuaia,Buenos Aires,Ushuaia-Buenos Aires,Boeing 737-700,126,115,25023210,12199771,A tiempo,0
AP-01202,2024-12-18,Buenos Aires,Ushuaia,Buenos Aires-Ushuaia,Boeing 737-700,126,119,28093623,11657521,A tiempo,0
AP-01203,2024-12-18,Buenos Aires,Salta,Buenos Aires-Salta,Boeing 737-700,126,117,15023919,8399215,A tiempo,0
AP-01204,2024-12-18,Córdoba,SALTA,Córdoba-Salta,ATR 72,70,30,2732896,2927530,A tiempo,0
AP-01205,2024-12-19,Buenos Aires,Córdoba,Buenos Aires-Córdoba,ATR 72,70,58,5502381,2788398,A tiempo,0
AP-01206,2024-12-19,Córdoba,Rosario,Córdoba-Rosario,Embraer 190,100,62,4414564,3670305,A tiempo,0
AP-01207,21/12/2024,Buenos Aires,Mendoza,Buenos Aires-Mendoza,Boeing 737-700,126,113,12236831,7436913,Demorado,16
AP-01208,21/12/2024,Rosario,Córdoba,Rosario-Córdoba,ATR 72,70,42,2695715,2410248,A tiempo,0
AP-01209,2024-12-21,Iguazú,Buenos Aires,Iguazú-Buenos Aires,Boeing 737-700,126,114,13124036,7836721,A tiempo,0
AP-01210,2024-12-21,Córdoba,Tucumán,Córdoba-Tucumán,Embraer 190,100,72,5659848,3977043,A tiempo,0
AP-01211,21/12/2024,Córdoba,Buenos Aires,Córdoba-Buenos Aires,Embraer 190,100,88,8099613,4560759,Demorado,28
AP-01212,2024-12-22,Iguazú,Buenos Aires,Iguazú-Buenos Aires,Boeing 737-700,126,102,12958878,7857278,Demorado,39
AP-01213,2024-12-22,Ushuaia,Buenos Aires,Ushuaia-Buenos Aires,Embraer 190,100,88,20793755,8854528,A tiempo,0
AP-01214,23/12/2024,Rosario,Buenos Aires,Rosario-Buenos Aires,ATR 72,70,65,3746524,2252481,A tiempo,0
AP-01215,23/12/2024,Buenos Aires,Iguazú,Buenos Aires-Iguazú,Embraer 190,100,88,10345458,5515896,A tiempo,0
AP-01216,24/12/2024,Iguazú,Buenos Aires,Iguazú-Buenos Aires,Embraer 190,100,91,10266944,5211528,A tiempo,0
AP-01217,2024-12-24,Tucumán,Buenos Aires,Tucumán-Buenos Aires,Embraer 190,100,89,10246472,5392750,A tiempo,0
AP-01218,24/12/2024,Buenos Aires,Bariloche,Buenos Aires-Bariloche,Boeing 737-700,126,116,19411955,9526509,A tiempo,0
AP-01219,24/12/2024,Buenos Aires,Ushuaia,Buenos Aires-Ushuaia,Boeing 737-700,126,112,25128686,12014823,A tiempo,0
AP-01220,2024-12-24,Mendoza,Buenos Aires,Mendoza-Buenos Aires,Embraer 190,100,97,11651329,5151557,A tiempo,0
AP-01221,2024-12-25,Mendoza,Tucumán,Mendoza-Tucumán,Embraer 190,100,36,3828216,4786749,A tiempo,0
AP-01222,2024-12-25,Buenos Aires,Rosario,Buenos Aires-Rosario,ATR 72,70,63,3937207,2249097,A tiempo,0
AP-01223,2024-12-25,Córdoba,Bariloche,Córdoba-Bariloche,Boeing 737-700,126,57,7966947,8970892,A tiempo,0
AP-01224,2024-12-26,Bariloche,Buenos Aires,Bariloche-Buenos Aires,Boeing 737-700,126,112,18581064,9103085,Demorado,19
AP-01225,2024-12-26,Mendoza,Salta,Mendoza-Salta,Boeing 737-700,126,50,5737463,7975922,A tiempo,0
AP-01226,26/12/2024,Bariloche,Neuquén,Bariloche-Neuquén,ATR 72,70,47,3056761,2373420,A tiempo,0
AP-01227,26/12/2024,Neuquén,Bs As,Neuquén-Buenos Aires,Embraer 190,100,98,11688476,5201500,A tiempo,0
AP-01228,2024-12-26,Neuquén,Buenos Aires,Neuquén-Buenos Aires,Boeing 737-700,126,123,14715381,7354468,A tiempo,0
AP-01229,2024-12-27,Buenos Aires,Salta,Buenos Aires-Salta,Boeing 737-700,126,119,17000780,8178110,A tiempo,0
AP-01230,2024-12-28,Bariloche,Neuquen,Bariloche-Neuquén,ATR 72,70,46,3094705,2405677,A tiempo,0
AP-01231,28/12/2024,Buenos Aires,Ushuaia,Buenos Aires-Ushuaia,Boeing 737-700,126,109,24758922,11993668,A tiempo,0
AP-01232,2024-12-28,Córdoba,Buenos Aires,Córdoba-Buenos Aires,Embraer 190,100,97,8601483,4546712,A tiempo,0
AP-01233,2024-12-28,Buenos Aires,Bariloche,Buenos Aires-Bariloche,Boeing 737-700,126,110,18060370,9529773,A tiempo,0
AP-01234,2024-12-28,Córdoba,BARILOCHE,Córdoba-Bariloche,Boeing 737-700,126,47,6831076,8827869,A tiempo,0
AP-01235,2024-12-29,Tucumán,Córdoba,Tucumán-Córdoba,Embraer 190,100,73,5906932,4206487,A tiempo,0
AP-01236,29/12/2024,Salta,Tucumán,Salta-Tucumán,ATR 72,70,31,1845122,2282031,Demorado,53
AP-01237,2024-12-29,Neuquén,Buenos Aires,Neuquén-Buenos Aires,Embraer 190,100,98,10778046,5283644,A tiempo,0
AP-01238,29/12/2024,Buenos Aires,Bariloche,Buenos Aires-Bariloche,Boeing 737-700,126,113,17190819,9078960,A tiempo,0
AP-01239,2024-12-29,Buenos Aires,Mendoza,Buenos Aires-Mendoza,Embraer 190,100,95,10446656,5131773,A tiempo,0
AP-01240,2024-12-30,Mendoza,Buenos Aires,Mendoza-Buenos Aires,Embraer 190,100,95,10820601,5066689,A tiempo,0
AP-01241,2024-12-30,Córdoba,Buenos Aires,Córdoba-Buenos Aires,ATR 72,70,62,5346074,2669530,A tiempo,0
AP-01242,2024-12-30,Salta,Buenos Aires,Salta-Buenos Aires,Boeing 737-700,126,120,17570325,8499224,A tiempo,0
AP-01243,30/12/2024,Buenos Aires,Mendoza,Buenos Aires-Mendoza,Boeing 737-700,126,123,13053518,7753952,A tiempo,0
AP-01244,30/12/2024,Tucumán,Buenos Aires,Tucumán-Buenos Aires,Embraer 190,100,90,10703759,5480379,A tiempo,0
AP-01245,30/12/2024,Bariloche,CORDOBA,Bariloche-Córdoba,Boeing 737-700,126,44,5913063,8550946,Demorado,54
AP-01246,2024-12-31,Tucumán,BUENOS AIRES,Tucumán-Buenos Aires,Embraer 190,100,85,10502422,5410242,A tiempo,0
AP-01247,2024-12-31,Mendoza,Salta,Mendoza-Salta,Boeing 737-700,126,51,5647090,7978340,A tiempo,0
AP-01248,01/01/2025,Buenos Aires,Iguazú,Buenos Aires-Iguazú,Embraer 190,100,86,11145054,5220238,A tiempo,0
AP-01249,2025-01-01,Bariloche,BUENOS AIRES,Bariloche-Buenos Aires,Embraer 190,100,97,15130518,6462251,A tiempo,0
AP-01250,01/01/2025,Buenos Aires,Salta,Buenos Aires-Salta,Boeing 737-700,126,123,18593466,8598766,A tiempo,0
AP-01251,2025-01-03,Córdoba,Buenos Aires,Córdoba-Buenos Aires,ATR 72,70,69,6456899,2965325,A tiempo,0
AP-01252,2025-01-03,Salta,Buenos Aires,Salta-Buenos Aires,Boeing 737-700,126,123,17374480,8242657,A tiempo,0
AP-01253,2025-01-03,Buenos Aires,Neuquén,Buenos Aires-Neuquén,Embraer 190,100,98,11660386,5145130,A tiempo,0
AP-01254,04/01/2025,Buenos Aires,Córdoba,Buenos Aires-Córdoba,ATR 72,70,69,5846569,2747569,A tiempo,0
AP-01255,2025-01-04,Buenos Aires,Mendoza,Buenos Aires-Mendoza,Embraer 190,100,98,10636911,5435302,A tiempo,0
AP-01256,05/01/2025,Salta,Buenos Aires,Salta-Buenos Aires,Boeing 737-700,126,123,18722868,8579877,A tiempo,0
AP-01257,05/01/2025,Tucumán,Salta,Tucumán-Salta,ATR 72,70,31,1830169,2211837,A tiempo,0
AP-01258,2025-01-05,Córdoba,Rosario,Córdoba-Rosario,ATR 72,70,49,3114130,2533956,A tiempo,0
AP-01259,2025-01-05,Mendoza,Córdoba,Mendoza-Córdoba,ATR 72,70,51,4638404,2871618,A tiempo,0
AP-01260,06/01/2025,Mendoza,Buenos Aires,Mendoza-Buenos Aires,Embraer 190,100,98,11734806,5447107,Demorado,51
AP-01261,2025-01-07,Córdoba,Rosario,Córdoba-Rosario,ATR 72,70,45,3029011,2451258,Demorado,42
AP-01262,2025-01-07,Córdoba,Rosario,Córdoba-Rosario,ATR 72,70,47,3208396,2507140,A tiempo,0
AP-01263,2025-01-07,Buenos Aires,Iguazú,Buenos Aires-Iguazú,Boeing 737-700,126,123,15498667,7831171,A tiempo,0
AP-01264,2025-01-07,Salta,Tucumán,Salta-Tucumán,ATR 72,70,30,1832104,2174899,A tiempo,0
AP-01265,08/01/2025,Buenos Aires,Salta,Buenos Aires-Salta,Embraer 190,100,98,13660790,6134355,A tiempo,0
AP-01266,2025-01-08,Bariloche,Córdoba,Bariloche-Córdoba,Embraer 190,100,44,6187100,6262076,A tiempo,0
AP-01267,2025-01-08,Salta,Córdoba,Salta-Córdoba,ATR 72,70,31,2938836,2885236,Demorado,86
AP-01268,08/01/2025,Buenos Aires,Córdoba,Buenos Aires-Córdoba,ATR 72,70,67,6035998,2733717,A tiempo,0
AP-01269,2025-01-08,Buenos Aires,Tucumán,Buenos Aires-Tucumán,Boeing 737-700,126,123,15521679,7830073,A tiempo,0
AP-01270,09/01/2025,Mendoza,San Miguel de Tucumán,Mendoza-Tucumán,Embraer 190,100,45,4778897,5198917,A tiempo,0
AP-01271,2025-01-09,Córdoba,Buenos Aires,Córdoba-Buenos Aires,Embraer 190,100,98,9415665,4427803,A tiempo,0
AP-01272,2025-01-09,Iguazú,Buenos Aires,Iguazú-Buenos Aires,Embraer 190,100,96,12555286,5523778,Demorado,19
AP-01273,2025-01-10,Salta,Tucumán,Salta-Tucumán,Embraer 190,100,50,2791552,3794178,A tiempo,0
AP-01274,2025-01-10,Iguazú,Buenos Aires,Iguazú-Buenos Aires,Embraer 190,100,98,11202795,5713959,A tiempo,0
AP-01275,10/01/2025,Mendoza,Buenos Aires,Mendoza-Buenos Aires,Boeing 737-700,126,123,13674246,7481947,A tiempo,0
AP-01276,10/01/2025,Buenos Aires,Iguazú,Buenos Aires-Iguazú,Embraer 190,100,98,12116585,5410230,Demorado,33
AP-01277,2025-01-11,Buenos Aires,Mendoza,Buenos Aires-Mendoza,Embraer 190,100,98,11637570,5484518,A tiempo,0
AP-01278,2025-01-11,Ushuaia,Buenos Aires,Ushuaia-Buenos Aires,Boeing 737-700,126,111,25038498,12193608,A tiempo,0
AP-01279,2025-01-11,Buenos Aires,Córdoba,Buenos Aires-Córdoba,ATR 72,70,66,5709751,2944139,A tiempo,0
AP-01280,2025-01-12,Buenos Aires,Iguazú,Buenos Aires-Iguazú,Embraer 190,100,98,11568896,5485346,Demorado,15
AP-01281,2025-01-12,Ushuaia,Buenos Aires,Ushuaia-Buenos Aires,Boeing 737-700,126,122,29680616,12684746,A tiempo,0
AP-01282,2025-01-12,Mendoza,Córdoba,Mendoza-Córdoba,Embraer 190,100,75,6676025,4416429,A tiempo,0
AP-01283,12/01/2025,Neuquén,BUENOS AIRES,Neuquén-Buenos Aires,Embraer 190,100,98,10510097,5257143,A tiempo,0
AP-01284,2025-01-13,Iguazú,Buenos Aires,Iguazú-Buenos Aires,Embraer 190,100,95,11551679,5201790,A tiempo,0
AP-01285,13/01/2025,Buenos Aires,Rosario,Buenos Aires-Rosario,ATR 72,70,69,4061769,2377690,A tiempo,0
AP-01286,2025-01-14,Mendoza,Buenos Aires,Mendoza-Buenos Aires,Embraer 190,100,98,11313794,5401186,A tiempo,0
AP-01287,2025-01-14,Buenos Aires,Iguazú,Buenos Aires-Iguazú,Embraer 190,100,95,12446351,5436985,A tiempo,0
AP-01288,2025-01-14,Mendoza,Bs As,Mendoza-Buenos Aires,Embraer 190,100,98,10897386,5443693,A tiempo,0
AP-01289,2025-01-14,Salta,Córdoba,Salta-Córdoba,Embraer 190,100,41,3706745,4476866,A tiempo,0
AP-01290,2025-01-14,Buenos Aires,Córdoba,Buenos Aires-Córdoba,ATR 72,70,69,6546404,2957274,A tiempo,0
AP-01291,15/01/2025,Tucumán,Buenos Aires,Tucumán-Buenos Aires,Embraer 190,100,92,11483506,5452977,Demorado,74
AP-01292,15/01/2025,Rosario,Buenos Aires,Rosario-Buenos Aires,ATR 72,70,69,4239647,2174899,A tiempo,0
AP-01293,15/01/2025,Tucumán,BUENOS AIRES,Tucumán-Buenos Aires,Boeing 737-700,126,117,13729926,7972898,A tiempo,0
AP-01294,2025-01-15,Córdoba,Bs As,Córdoba-Buenos Aires,ATR 72,70,67,5633590,2888393,A tiempo,0
AP-01295,15/01/2025,Buenos Aires,Iguazú,Buenos Aires-Iguazú,Boeing 737-700,126,123,15562263,7894049,A tiempo,0
AP-01296,2025-01-15,Neuquén,Buenos Aires,Neuquén-Buenos Aires,Embraer 190,100,98,10652248,5147900,A tiempo,0
AP-01297,16/01/2025,Buenos Aires,Rosario,Buenos Aires-Rosario,ATR 72,70,67,3803593,2368648,A tiempo,0
AP-01298,16/01/2025,Buenos Aires,Salta,Buenos Aires-Salta,Boeing 737-700,126,123,18245487,8884405,Demorado,35
AP-01299,16/01/2025,Iguazú,Buenos Aires,Iguazú-Buenos Aires,Boeing 737-700,126,123,15196818,7624108,Demorado,29
AP-01300,17/01/2025,Tucumán,Buenos Aires,Tucumán-Buenos Aires,Boeing 737-700,126,119,14902249,8349787,A tiempo,0
AP-01301,2025-01-18,Neuquén,Buenos Aires,Neuquén-Buenos Aires,Embraer 190,100,98,10609923,5342527,A tiempo,0
AP-01302,2025-01-18,Buenos Aires,Iguazú,Buenos Aires-Iguazú,Embraer 190,100,91,10751753,5341409,A tiempo,0
AP-01303,19/01/2025,Ushuaia,Buenos Aires,Ushuaia-Buenos Aires,Boeing 737-700,126,123,30047487,12602162,A tiempo,0
AP-01304,2025-01-19,Buenos Aires,San Carlos de Bariloche,Buenos Aires-Bariloche,Boeing 737-700,126,123,21510864,9943190,Demorado,69
AP-01305,19/01/2025,Córdoba,Buenos Aires,Córdoba-Buenos Aires,ATR 72,70,67,6203574,2979639,A tiempo,0
AP-01306,2025-01-19,Buenos Aires,Mendoza,Buenos Aires-Mendoza,Embraer 190,100,98,10431556,4996432,A tiempo,0
AP-01307,2025-01-20,Mendoza,Buenos Aires,Mendoza-Buenos Aires,Embraer 190,100,98,11198074,5253822,A tiempo,0
AP-01308,2025-01-20,Buenos Aires,Tucumán,Buenos Aires-Tucumán,Embraer 190,100,98,12142288,5457095,A tiempo,0
AP-01309,2025-01-20,Iguazú,Buenos Aires,Iguazú-Buenos Aires,Boeing 737-700,126,120,14099951,8363558,A tiempo,0
AP-01310,2025-01-20,Mendoza,Buenos Aires,Mendoza-Buenos Aires,Boeing 737-700,126,123,14523983,8036868,A tiempo,0
AP-01311,2025-01-20,Bariloche,Córdoba,Bariloche-Córdoba,Boeing 737-700,126,52,7889681,8279427,Demorado,38
AP-01312,2025-01-20,Córdoba,Buenos Aires,Córdoba-Buenos Aires,ATR 72,70,68,6115594,2892647,A tiempo,0
AP-01313,2025-01-20,Córdoba,ROSARIO,Córdoba-Rosario,ATR 72,70,44,2783991,2547385,Demorado,18
AP-01314,2025-01-21,Neuquén,Bs As,Neuquén-Buenos Aires,Boeing 737-700,126,123,13130497,7870862,A tiempo,0
AP-01315,21/01/2025,Salta,Buenos Aires,Salta-Buenos Aires,Boeing 737-700,126,122,16973873,8734239,Demorado,19
AP-01316,21/01/2025,Buenos Aires,Córdoba,Buenos Aires-Córdoba,ATR 72,70,69,5933667,2846505,A tiempo,0
AP-01317,2025-01-21,Neuquén,Buenos Aires,Neuquén-Buenos Aires,Embraer 190,100,98,11924169,5110252,A tiempo,0
AP-01318,2025-01-22,Buenos Aires,Salta,Buenos Aires-Salta,Boeing 737-700,126,123,16009681,8996296,A tiempo,0
AP-01319,2025-01-22,Córdoba,Bariloche,Córdoba-Bariloche,Boeing 737-700,126,57,8339591,8732366,A tiempo,0
AP-01320,23/01/2025,Iguazú,Buenos Aires,Iguazú-Buenos Aires,Embraer 190,100,98,12921063,5345967,A tiempo,0
AP-01321,2025-01-23,Córdoba,Bariloche,Córdoba-Bariloche,Boeing 737-700,126,54,7913706,8957461,A tiempo,0
AP-01322,24/01/2025,Bariloche,Buenos Aires,Bariloche-Buenos Aires,Boeing 737-700,126,121,18315115,9018494,Demorado,33
AP-01323,24/01/2025,Mendoza,Córdoba,Mendoza-Córdoba,ATR 72,70,56,5058758,2833180,A tiempo,0
AP-01324,2025-01-24,Buenos Aires,Iguazú,Buenos Aires-Iguazú,Embraer 190,100,98,11690097,5412855,A tiempo,0
AP-01325,24/01/2025,Córdoba,Mendoza,Córdoba-Mendoza,ATR 72,70,56,4720417,2767352,Demorado,37
AP-01326,25/01/2025,Bariloche,Buenos Aires,Bariloche-Buenos Aires,Boeing 737-700,126,123,18647881,9674285,A tiempo,0
AP-01327,25/01/2025,Buenos Aires,Neuquén,Buenos Aires-Neuquén,Embraer 190,100,98,11021657,5175871,A tiempo,0
AP-01328,2025-01-25,Ushuaia,Buenos Aires,Ushuaia-Buenos Aires,Embraer 190,100,97,21226239,8479113,A tiempo,0
AP-01329,2025-01-26,Mendoza,Córdoba,Mendoza-Córdoba,ATR 72,70,54,4760340,2640221,A tiempo,0
AP-01330,2025-01-26,Buenos Aires,Salta,Buenos Aires-Salta,Boeing 737-700,126,123,16554639,8816904,Demorado,46
AP-01331,2025-01-26,Mendoza,Salta,Mendoza-Salta,Embraer 190,100,,5356041,5531545,A tiempo,0
AP-01332,2025-01-26,Córdoba,Buenos Aires,Córdoba-Buenos Aires,ATR 72,70,64,6111189,2803178,A tiempo,0
AP-01333,26/01/2025,Neuquén,Bariloche,Neuquén-Bariloche,ATR 72,70,52,3531769,2395845,A tiempo,0
AP-01334,27/01/2025,Córdoba,Tucumán,Córdoba-Tucumán,ATR 72,70,52,3797110,2738717,Demorado,52
AP-01335,2025-01-27,Bariloche,Neuquén,Bariloche-Neuquén,ATR 72,70,56,3521248,2414764,A tiempo,0
AP-01336,2025-01-27,Buenos Aires,Ushuaia,Buenos Aires-Ushuaia,Embraer 190,100,87,20151179,8375198,A tiempo,0
AP-01337,27/01/2025,Buenos Aires,Tucumán,Buenos Aires-Tucumán,Embraer 190,100,95,12300220,5641663,A tiempo,0
AP-01338,28/01/2025,Salta,Tucumán,Salta-Tucumán,ATR 72,70,34,2081603,2161427,A tiempo,0
AP-01339,28/01/2025,Buenos Aires,Bariloche,Buenos Aires-Bariloche,Boeing 737-700,126,123,20689129,9799086,Demorado,30
AP-01340,2025-01-28,Iguazú,Buenos Aires,Iguazú-Buenos Aires,Embraer 190,100,98,12276464,5218357,A tiempo,0
AP-01341,29/01/2025,Neuquén,Buenos Aires,Neuquén-Buenos Aires,Embraer 190,100,98,10464738,5267064,A tiempo,0
AP-01342,29/01/2025,Rosario,Bs As,Rosario-Buenos Aires,ATR 72,70,68,4361000,2266238,A tiempo,0
AP-01343,29/01/2025,Buenos Aires,Mendoza,Buenos Aires-Mendoza,Embraer 190,100,98,12192283,5465339,A tiempo,0
AP-01344,2025-01-29,Buenos Aires,Neuquén,Buenos Aires-Neuquén,Boeing 737-700,126,123,13838289,7391213,A tiempo,0
AP-01345,30/01/2025,Neuquén,Bariloche,Neuquén-Bariloche,ATR 72,70,55,3645033,2365805,A tiempo,0
AP-01346,2025-01-30,Buenos Aires,Córdoba,Buenos Aires-Córdoba,ATR 72,70,69,6186667,2842067,A tiempo,0
AP-01347,2025-01-30,Salta,Córdoba,Salta-Córdoba,ATR 72,70,29,2698486,2802765,Demorado,33
AP-01348,2025-01-30,Córdoba,Buenos Aires,Córdoba-Buenos Aires,ATR 72,70,69,6067883,2870514,A tiempo,0
AP-01349,31/01/2025,Salta,Buenos Aires,Salta-Buenos Aires,Boeing 737-700,126,114,16222195,8935178,Demorado,15
AP-01350,2025-01-31,Córdoba,Buenos Aires,Córdoba-Buenos Aires,ATR 72,70,64,5346348,2882069,Demorado,96
AP-01351,31/01/2025,Córdoba,Bs As,Córdoba-Buenos Aires,ATR 72,70,66,5925735,2758369,A tiempo,0
AP-01352,31/01/2025,Salta,Córdoba,Salta-Córdoba,ATR 72,70,26,2410255,2972266,A tiempo,0
AP-01353,2025-01-31,Buenos Aires,Salta,Buenos Aires-Salta,Boeing 737-700,126,123,18460209,8474024,A tiempo,0
AP-01354,2025-02-01,Buenos Aires,Tucumán,Buenos Aires-Tucumán,Embraer 190,100,87,10529661,5584205,A tiempo,0
AP-01355,01/02/2025,Buenos Aires,Bariloche,Buenos Aires-Bariloche,Boeing 737-700,126,121,19450313,9483639,A tiempo,0
AP-01356,2025-02-01,Buenos Aires,Iguazú,Buenos Aires-Iguazú,Embraer 190,100,98,12537682,5348947,A tiempo,0
AP-01357,2025-02-02,Iguazú,Buenos Aires,Iguazú-Buenos Aires,Boeing 737-700,126,123,15603814,7787758,A tiempo,0
AP-01358,2025-02-02,Buenos Aires,Salta,Buenos Aires-Salta,Boeing 737-700,126,119,17148419,8596488,Demorado,64
AP-01359,2025-02-02,Buenos Aires,SALTA,Buenos Aires-Salta,Boeing 737-700,126,123,18901201,8699992,A tiempo,0
AP-01360,03/02/2025,Salta,Mendoza,Salta-Mendoza,Embraer 190,100,43,5407284,5192685,A tiempo,0
AP-01361,03/02/2025,Salta,Buenos Aires,Salta-Buenos Aires,Boeing 737-700,126,118,16332437,8744740,A tiempo,0
AP-01362,2025-02-03,Ushuaia,Buenos Aires,Ushuaia-Buenos Aires,Boeing 737-700,126,122,26761678,12542405,Demorado,98
AP-01363,2025-02-04,Bariloche,Buenos Aires,Bariloche-Buenos Aires,Boeing 737-700,126,123,19138902,9550545,A tiempo,0
AP-01364,2025-02-04,Córdoba,Rosario,Córdoba-Rosario,ATR 72,70,45,2998067,2451568,Demorado,131
AP-01365,2025-02-04,Buenos Aires,Tucumán,Buenos Aires-Tucumán,Embraer 190,100,95,11577089,5428590,A tiempo,0
AP-01366,2025-02-04,Buenos Aires,Ushuaia,Buenos Aires-Ushuaia,Boeing 737-700,126,123,27480165,11940640,Demorado,28
AP-01367,2025-02-04,Bariloche,Buenos Aires,Bariloche-Buenos Aires,Boeing 737-700,126,123,19459824,9605664,A tiempo,0
AP-01368,2025-02-04,Salta,Tucumán,Salta-Tucumán,ATR 72,70,36,2039591,2402903,A tiempo,0
AP-01369,04/02/2025,Buenos Aires,Bariloche,Buenos Aires-Bariloche,Boeing 737-700,126,123,19771536,9922582,A tiempo,0
AP-01370,2025-02-04,Rosario,Córdoba,Rosario-Córdoba,ATR 72,70,45,3201680,2510973,A tiempo,0
AP-01371,2025-02-05,Tucumán,Buenos Aires,Tucumán-Buenos Aires,Embraer 190,100,97,11912719,5816445,A tiempo,0
AP-01372,2025-02-05,Buenos Aires,Mendoza,Buenos Aires-Mendoza,Embraer 190,100,98,10790186,5107692,A tiempo,0
AP-01373,2025-02-05,Bariloche,Neuquén,Bariloche-Neuquén,ATR 72,70,53,3463192,2456297,A tiempo,0
AP-01374,05/02/2025,Buenos Aires,Salta,Buenos Aires-Salta,Boeing 737-700,126,121,17576473,9176367,A tiempo,0
AP-01375,2025-02-06,Salta,Mendoza,Salta-Mendoza,Embraer 190,100,45,5147802,5608626,A tiempo,0
AP-01376,2025-02-06,Córdoba,Salta,Córdoba-Salta,Embraer 190,100,0,0,931736,Cancelado,0
AP-01377,2025-02-06,Córdoba,Tucumán,Córdoba-Tucumán,ATR 72,70,54,4364571,2591537,A tiempo,0
AP-01378,07/02/2025,Buenos Aires,Córdoba,Buenos Aires-Córdoba,ATR 72,70,65,5533165,2901012,A tiempo,0
AP-01379,07/02/2025,Córdoba,Rosario,Córdoba-Rosario,Embraer 190,100,60,4003208,3905718,A tiempo,0
AP-01380,08/02/2025,Tucumán,Buenos Aires,Tucumán-Buenos Aires,Boeing 737-700,126,116,13575603,8445731,Demorado,109
AP-01381,08/02/2025,Mendoza,Salta,Mendoza-Salta,Boeing 737-700,126,54,6585810,8169164,A tiempo,0
AP-01382,2025-02-08,Neuquén,Buenos Aires,Neuquén-Buenos Aires,Embraer 190,100,95,11715666,5560983,A tiempo,0
AP-01383,2025-02-08,Córdoba,Tucumán,Córdoba-Tucumán,ATR 72,70,58,4740741,2716984,A tiempo,0
AP-01384,2025-02-08,Ushuaia,Bs As,Ushuaia-Buenos Aires,Boeing 737-700,126,123,29541371,12010507,A tiempo,0
AP-01385,09/02/2025,Iguazú,Buenos Aires,Iguazú-Buenos Aires,Embraer 190,100,90,11891470,5757229,A tiempo,0
AP-01386,09/02/2025,Mendoza,Bs As,Mendoza-Buenos Aires,Embraer 190,100,98,12286163,5508625,A tiempo,0
AP-01387,2025-02-09,Córdoba,Rosario,Córdoba-Rosario,ATR 72,70,43,2986630,2443340,Demorado,32
AP-01388,10/02/2025,Buenos Aires,San Miguel de Tucumán,Buenos Aires-Tucumán,Boeing 737-700,126,122,15478624,8505961,A tiempo,0
AP-01389,2025-02-10,Buenos Aires,Ushuaia,Buenos Aires-Ushuaia,Boeing 737-700,126,116,28904143,11741865,A tiempo,0
AP-01390,10/02/2025,Rosario,Córdoba,Rosario-Córdoba,ATR 72,70,48,3348604,2515566,A tiempo,0
AP-01391,2025-02-10,Buenos Aires,Iguazú,Buenos Aires-Iguazú,Embraer 190,100,92,10661704,5481523,Demorado,69
AP-01392,2025-02-10,Buenos Aires,Mendoza,Buenos Aires-Mendoza,Boeing 737-700,126,116,14002463,7943571,A tiempo,0
AP-01393,2025-02-11,Buenos Aires,Iguazú,Buenos Aires-Iguazú,Embraer 190,100,91,10917322,5794274,A tiempo,0
AP-01394,2025-02-11,Buenos Aires,Tucumán,Buenos Aires-Tucumán,Embraer 190,100,98,12837418,5589800,Demorado,40
AP-01395,2025-02-12,Ushuaia,Buenos Aires,Ushuaia-Buenos Aires,Boeing 737-700,126,123,26962197,11913651,A tiempo,0
AP-01396,2025-02-13,Buenos Aires,Córdoba,Buenos Aires-Córdoba,ATR 72,70,69,5951528,2889637,Demorado,17
AP-01397,2025-02-13,Mendoza,Buenos Aires,Mendoza-Buenos Aires,Embraer 190,100,98,10772050,5269296,A tiempo,0
AP-01398,13/02/2025,Bariloche,Buenos Aires,Bariloche-Buenos Aires,Boeing 737-700,126,122,21461035,9888615,A tiempo,0
AP-01399,2025-02-14,Buenos Aires,Rosario,Buenos Aires-Rosario,ATR 72,70,69,4248117,2300186,A tiempo,0
AP-01400,2025-02-14,Córdoba,Buenos Aires,Córdoba-Buenos Aires,ATR 72,70,0,0,601018,Cancelado,0
AP-01401,2025-02-14,Tucumán,BUENOS AIRES,Tucumán-Buenos Aires,Boeing 737-700,126,123,16425123,7829082,Demorado,29
AP-01402,2025-02-15,Córdoba,Salta,Córdoba-Salta,ATR 72,70,28,2682773,2975147,A tiempo,0
AP-01403,16/02/2025,Córdoba,Buenos Aires,Córdoba-Buenos Aires,ATR 72,70,69,6533630,2962150,A tiempo,0
AP-01404,2025-02-17,Buenos Aires,Ushuaia,Buenos Aires-Ushuaia,Boeing 737-700,126,119,29951609,11858010,Demorado,35
AP-01405,17/02/2025,Córdoba,Rosario,Córdoba-Rosario,Embraer 190,100,69,4848981,4030521,A tiempo,0
AP-01406,2025-02-17,Córdoba,Bariloche,Córdoba-Bariloche,Boeing 737-700,126,59,8799113,9058321,A tiempo,0
AP-01407,18/02/2025,Córdoba,Mendoza,Córdoba-Mendoza,ATR 72,70,50,4358421,2780560,Demorado,16
AP-01408,2025-02-18,Córdoba,Mendoza,Córdoba-Mendoza,ATR 72,70,54,4726206,2802967,Demorado,67
AP-01409,2025-02-18,Neuquén,Bariloche,Neuquén-Bariloche,Embraer 190,100,81,5195056,3996454,Demorado,23
AP-01410,2025-02-19,Buenos Aires,Tucumán,Buenos Aires-Tucumán,Boeing 737-700,126,0,0,1679215,Cancelado,0
AP-01411,2025-02-19,Neuquén,Bariloche,Neuquén-Bariloche,ATR 72,70,53,3278545,2416312,Demorado,61
AP-01412,2025-02-19,Buenos Aires,Córdoba,Buenos Aires-Córdoba,ATR 72,70,59,5187138,2907851,A tiempo,0
AP-01413,2025-02-20,Córdoba,Salta,Córdoba-Salta,Embraer 190,100,46,4534066,4804427,A tiempo,0
AP-01414,20/02/2025,Tucumán,Buenos Aires,Tucumán-Buenos Aires,Embraer 190,100,0,0,1069925,Cancelado,0
AP-01415,2025-02-21,Iguazú,Buenos Aires,Iguazú-Buenos Aires,Embraer 190,100,89,11868390,5596653,A tiempo,0
AP-01416,2025-02-21,Buenos Aires,Bariloche,Buenos Aires-Bariloche,Boeing 737-700,126,123,20137500,9233169,A tiempo,0
AP-01417,2025-02-21,Mendoza,Córdoba,Mendoza-Córdoba,ATR 72,70,56,4517627,2827022,A tiempo,0
AP-01418,2025-02-21,Córdoba,Buenos Aires,Córdoba-Buenos Aires,ATR 72,70,66,5557202,2974332,Demorado,38
AP-01419,2025-02-22,Salta,Mendoza,Salta-Mendoza,Embraer 190,100,40,4774551,5449173,A tiempo,0
AP-01420,2025-02-22,Bariloche,Neuquén,Bariloche-Neuquén,ATR 72,70,0,0,474795,Cancelado,0
AP-01421,2025-02-22,Bariloche,Buenos Aires,Bariloche-Buenos Aires,Boeing 737-700,126,122,19699096,9719126,A tiempo,0
AP-01422,2025-02-22,Neuquén,Bariloche,Neuquén-Bariloche,ATR 72,70,49,3117873,2352280,Demorado,32
AP-01423,2025-02-22,Córdoba,Rosario,Córdoba-Rosario,ATR 72,70,47,3236091,2406021,A tiempo,0
AP-01424,2025-02-23,Neuquén,Buenos Aires,Neuquén-Buenos Aires,Boeing 737-700,126,123,15527787,7535185,A tiempo,0
AP-01425,2025-02-23,Buenos Aires,Salta,Buenos Aires-Salta,Boeing 737-700,126,118,17837370,8784994,A tiempo,0
AP-01426,23/02/2025,Buenos Aires,Bariloche,Buenos Aires-Bariloche,Boeing 737-700,126,123,20796992,9157112,A tiempo,0
AP-01427,23/02/2025,Bariloche,Bs As,Bariloche-Buenos Aires,Embraer 190,100,98,17315736,6381316,A tiempo,0
AP-01428,23/02/2025,Salta,Buenos Aires,Salta-Buenos Aires,Boeing 737-700,126,123,16312521,8795467,A tiempo,0
AP-01429,23/02/2025,Córdoba,Salta,Córdoba-Salta,ATR 72,70,29,2904764,2981539,A tiempo,0
AP-01430,23/02/2025,Buenos Aires,Córdoba,Buenos Aires-Córdoba,ATR 72,70,64,6223750,2998545,Demorado,48
AP-01431,2025-02-25,Neuquén,Bariloche,Neuquén-Bariloche,ATR 72,70,53,3305689,2317276,Demorado,23
AP-01432,2025-02-25,Buenos Aires,Salta,Buenos Aires-Salta,Boeing 737-700,126,118,17342847,9149175,A tiempo,0
AP-01433,2025-02-25,Buenos Aires,ushuaia,Buenos Aires-Ushuaia,Boeing 737-700,126,116,25316707,11692321,A tiempo,0
AP-01434,2025-02-25,Rosario,Córdoba,Rosario-Córdoba,ATR 72,70,49,3617178,2574642,A tiempo,0
AP-01435,2025-02-25,Salta,Mendoza,Salta-Mendoza,Embraer 190,100,46,5215813,5142449,A tiempo,0
AP-01436,25/02/2025,Salta,Buenos Aires,Salta-Buenos Aires,Boeing 737-700,126,121,16521093,8453932,A tiempo,0
AP-01437,25/02/2025,Buenos Aires,Ushuaia,Buenos Aires-Ushuaia,Embraer 190,100,91,21425068,8659636,A tiempo,0
AP-01438,2025-02-26,Buenos Aires,Tucumán,Buenos Aires-Tucumán,Embraer 190,100,89,11169264,5680945,A tiempo,0
AP-01439,2025-02-27,Córdoba,Buenos Aires,Córdoba-Buenos Aires,ATR 72,70,68,6403070,2919725,A tiempo,0
AP-01440,2025-02-27,Buenos Aires,Bariloche,Buenos Aires-Bariloche,Boeing 737-700,126,120,,9437381,A tiempo,0
AP-01441,2025-02-28,Tucumán,Buenos Aires,Tucumán-Buenos Aires,Boeing 737-700,126,118,15716388,8001701,A tiempo,0
AP-01442,28/02/2025,Tucumán,Buenos Aires,Tucumán-Buenos Aires,Embraer 190,100,88,11557139,5387100,A tiempo,0
AP-01443,2025-02-28,Córdoba,Mendoza,Córdoba-Mendoza,ATR 72,70,52,4820310,2816080,A tiempo,0
AP-01444,2025-03-01,Salta,Buenos Aires,Salta-Buenos Aires,Boeing 737-700,126,102,13853435,8779733,A tiempo,0
AP-01445,2025-03-01,Buenos Aires,Ushuaia,Buenos Aires-Ushuaia,Boeing 737-700,126,100,23372571,12002623,A tiempo,0
AP-01446,02/03/2025,Tucumán,BUENOS AIRES,Tucumán-Buenos Aires,Embraer 190,100,83,10203315,5597374,A tiempo,0
AP-01447,2025-03-02,Córdoba,Mendoza,Córdoba-Mendoza,ATR 72,70,43,3651219,2812480,A tiempo,0
AP-01448,02/03/2025,Córdoba,Tucumán,Córdoba-Tucumán,ATR 72,70,45,3401783,2609499,Demorado,20
AP-01449,2025-03-02,Buenos Aires,Iguazú,Buenos Aires-Iguazú,Embraer 190,100,77,10335410,5409292,Demorado,45
AP-01450,2025-03-03,Rosario,Córdoba,Rosario-Córdoba,ATR 72,70,36,2700827,2586332,A tiempo,0
AP-01451,2025-03-03,Buenos Aires,Bariloche,Buenos Aires-Bariloche,Boeing 737-700,126,100,16531639,9411772,A tiempo,0
AP-01452,2025-03-03,Iguazú,Buenos Aires,Iguazú-Buenos Aires,Embraer 190,100,76,10203005,5343308,A tiempo,0
AP-01453,03/03/2025,Salta,Bs As,Salta-Buenos Aires,Boeing 737-700,126,94,14613693,8936816,A tiempo,0
AP-01454,2025-03-04,Tucumán,Buenos Aires,Tucumán-Buenos Aires,Embraer 190,100,0,0,1165800,Cancelado,0
AP-01455,04/03/2025,Mendoza,Cordoba,Mendoza-Córdoba,ATR 72,70,45,4032878,2729704,A tiempo,0
AP-01456,04/03/2025,Salta,Mendoza,Salta-Mendoza,Embraer 190,100,28,3147643,5626424,A tiempo,0
AP-01457,05/03/2025,Mendoza,Buenos Aires,Mendoza-Buenos Aires,Embraer 190,100,78,9486817,5412445,A tiempo,0
AP-01458,2025-03-05,Buenos Aires,Neuquén,Buenos Aires-Neuquén,Embraer 190,100,79,8978296,5567792,A tiempo,0
AP-01459,06/03/2025,Buenos Aires,Iguazú,Buenos Aires-Iguazú,Embraer 190,100,74,9967188,5867296,A tiempo,0
AP-01460,07/03/2025,Mendoza,Buenos Aires,Mendoza-Buenos Aires,Boeing 737-700,126,96,11627929,7823753,A tiempo,0
AP-01461,2025-03-07,Buenos Aires,Mendoza,Buenos Aires-Mendoza,Embraer 190,100,81,10207872,5492281,A tiempo,0
AP-01462,2025-03-07,Bariloche,Buenos Aires,Bariloche-Buenos Aires,Boeing 737-700,126,98,16381951,9660909,Demorado,36
AP-01463,2025-03-10,Mendoza,Buenos Aires,Mendoza-Buenos Aires,Embraer 190,100,,9565825,5195245,A tiempo,0
AP-01464,2025-03-10,Bariloche,Buenos Aires,Bariloche-Buenos Aires,Boeing 737-700,126,93,16478835,9423882,A tiempo,0
AP-01465,2025-03-10,Buenos Aires,Bariloche,Buenos Aires-Bariloche,Boeing 737-700,126,98,17422840,9280524,A tiempo,0
AP-01466,2025-03-10,Buenos Aires,Salta,Buenos Aires-Salta,Boeing 737-700,126,102,13856086,8782184,A tiempo,0
AP-01467,2025-03-10,Mendoza,Córdoba,Mendoza-Córdoba,ATR 72,70,44,4098685,2776431,A tiempo,0
AP-01468,10/03/2025,Iguazú,Buenos Aires,Iguazú-Buenos Aires,Embraer 190,100,70,9292805,5871466,A tiempo,0
AP-01469,11/03/2025,Salta,Tucumán,Salta-Tucumán,ATR 72,70,27,1699439,2269620,A tiempo,0
AP-01470,11/03/2025,Tucumán,Buenos Aires,Tucumán-Buenos Aires,Embraer 190,100,79,9566059,5679698,Demorado,91
AP-01471,11/03/2025,Córdoba,Mendoza,Córdoba-Mendoza,ATR 72,70,46,3935896,2762063,A tiempo,0
AP-01472,2025-03-12,Salta,Mendoza,Salta-Mendoza,Embraer 190,100,30,3900931,5519025,A tiempo,0
AP-01473,2025-03-12,Neuquén,Buenos Aires,Neuquén-Buenos Aires,Boeing 737-700,126,99,12584964,8122893,A tiempo,0
AP-01474,12/03/2025,Buenos Aires,Tucumán,Buenos Aires-Tucumán,Embraer 190,100,77,9595594,5566494,A tiempo,0
AP-01475,2025-03-13,Mendoza,Córdoba,Mendoza-Córdoba,ATR 72,70,40,3266247,2841275,A tiempo,0
AP-01476,2025-03-13,Buenos Aires,Mendoza,Buenos Aires-Mendoza,Embraer 190,100,84,10067235,5184922,Demorado,114
AP-01477,2025-03-14,Buenos Aires,Salta,Buenos Aires-Salta,Boeing 737-700,126,94,12738893,8805499,A tiempo,0
AP-01478,2025-03-14,Iguazú,Buenos Aires,Iguazú-Buenos Aires,Embraer 190,100,77,10438519,5472766,A tiempo,0
AP-01479,15/03/2025,Iguazú,Buenos Aires,Iguazú-Buenos Aires,Boeing 737-700,126,98,12259613,8199399,A tiempo,0
AP-01480,2025-03-15,Buenos Aires,Cordoba,Buenos Aires-Córdoba,Embraer 190,100,83,7169083,4432849,A tiempo,0
AP-01481,2025-03-15,Córdoba,Bariloche,Córdoba-Bariloche,Boeing 737-700,126,34,5119404,8517630,A tiempo,0
AP-01482,2025-03-16,Rosario,Buenos Aires,Rosario-Buenos Aires,ATR 72,70,56,3719979,2324956,A tiempo,0
AP-01483,2025-03-16,Buenos Aires,Ushuaia,Buenos Aires-Ushuaia,Boeing 737-700,126,90,21690807,12940867,A tiempo,0
AP-01484,2025-03-16,Bariloche,Córdoba,Bariloche-Córdoba,Boeing 737-700,126,43,6777154,9224414,A tiempo,0
AP-01485,16/03/2025,Tucumán,BUENOS AIRES,Tucumán-Buenos Aires,Embraer 190,100,78,9782684,5431750,A tiempo,0
AP-01486,17/03/2025,Salta,Tucumán,Salta-Tucumán,ATR 72,70,27,1770085,2328697,A tiempo,0
AP-01487,17/03/2025,Ushuaia,Buenos Aires,Ushuaia-Buenos Aires,Boeing 737-700,126,107,25234869,12003800,A tiempo,0
AP-01488,2025-03-17,Buenos Aires,Mendoza,Buenos Aires-Mendoza,Embraer 190,100,80,10195870,5313486,A tiempo,0
AP-01489,17/03/2025,Rosario,Córdoba,Rosario-Córdoba,Embraer 190,100,55,4032440,4019659,A tiempo,0
AP-01490,18/03/2025,Buenos Aires,Neuquen,Buenos Aires-Neuquén,Embraer 190,100,77,8582873,5288148,Demorado,43
AP-01491,2025-03-18,Rosario,Córdoba,Rosario-Córdoba,ATR 72,70,39,2646626,2555713,Demorado,19
AP-01492,18/03/2025,Córdoba,Bariloche,Córdoba-Bariloche,Boeing 737-700,126,42,6468601,9212280,A tiempo,0
AP-01493,2025-03-19,Córdoba,Rosario,Córdoba-Rosario,ATR 72,70,37,2590375,2589937,A tiempo,0
AP-01494,20/03/2025,Iguazú,Buenos Aires,Iguazú-Buenos Aires,Embraer 190,100,71,8941011,5709725,A tiempo,0
AP-01495,20/03/2025,Córdoba,Tucumán,Córdoba-Tucumán,ATR 72,70,44,3778754,2759806,A tiempo,0
AP-01496,20/03/2025,Neuquén,Buenos Aires,Neuquén-Buenos Aires,Embraer 190,100,89,10822121,5451546,A tiempo,0
AP-01497,2025-03-20,Tucumán,Buenos Aires,Tucumán-Buenos Aires,Embraer 190,100,80,9920402,5478174,A tiempo,0
AP-01498,2025-03-21,Salta,Mendoza,Salta-Mendoza,Embraer 190,100,36,4497579,5366029,Demorado,52
AP-01499,21/03/2025,Bariloche,Buenos Aires,Bariloche-Buenos Aires,Boeing 737-700,126,96,15875385,10068436,A tiempo,0
AP-01500,2025-03-21,Buenos Aires,Rosario,Buenos Aires-Rosario,ATR 72,70,58,3474998,2242146,A tiempo,0
AP-01501,2025-03-22,Salta,mendoza,Salta-Mendoza,Embraer 190,100,35,4110390,5588388,A tiempo,0
AP-01502,22/03/2025,Córdoba,Mendoza,Córdoba-Mendoza,ATR 72,70,43,3596514,2722199,A tiempo,0
AP-01503,2025-03-22,Rosario,Buenos Aires,Rosario-Buenos Aires,Embraer 190,100,79,4496230,3838223,A tiempo,0
AP-01504,23/03/2025,Mendoza,CORDOBA,Mendoza-Córdoba,ATR 72,70,46,3867447,2710695,A tiempo,0
AP-01505,23/03/2025,Ushuaia,Buenos Aires,Ushuaia-Buenos Aires,Embraer 190,100,74,17107521,8890036,A tiempo,0
AP-01506,2025-03-24,Salta,Mendoza,Salta-Mendoza,Embraer 190,100,32,4117171,5275209,A tiempo,0
AP-01507,24/03/2025,Buenos Aires,Mendoza,Buenos Aires-Mendoza,Embraer 190,100,85,9899113,5140932,A tiempo,0
AP-01508,2025-03-24,Buenos Aires,Mendoza,Buenos Aires-Mendoza,Embraer 190,100,82,9949523,5119501,Demorado,688
AP-01509,25/03/2025,Bariloche,Bs As,Bariloche-Buenos Aires,Boeing 737-700,126,104,16354421,10146543,A tiempo,0
AP-01510,2025-03-25,Iguazú,Buenos Aires,Iguazú-Buenos Aires,Embraer 190,100,70,8637437,5772636,A tiempo,0
AP-01511,25/03/2025,Ushuaia,Buenos Aires,Ushuaia-Buenos Aires,Boeing 737-700,126,98,24131793,12500529,A tiempo,0
AP-01512,2025-03-25,Bariloche,Neuquen,Bariloche-Neuquén,ATR 72,70,39,2601417,2291916,Demorado,23
AP-01513,25/03/2025,Tucumán,Buenos Aires,Tucumán-Buenos Aires,Embraer 190,100,78,10097226,5869218,A tiempo,0
AP-01514,2025-03-26,Ushuaia,Buenos Aires,Ushuaia-Buenos Aires,Boeing 737-700,126,89,21841030,12901703,A tiempo,0
AP-01515,27/03/2025,Córdoba,Buenos Aires,Córdoba-Buenos Aires,ATR 72,70,52,4539457,3047958,A tiempo,0
AP-01516,2025-03-27,Tucumán,Buenos Aires,Tucumán-Buenos Aires,Boeing 737-700,126,94,12748504,8582836,A tiempo,0
AP-01517,2025-03-28,Neuquén,Buenos Aires,Neuquén-Buenos Aires,Embraer 190,100,74,8118587,5336846,A tiempo,0
AP-01518,2025-03-28,Córdoba,Buenos Aires,Córdoba-Buenos Aires,ATR 72,70,50,4839922,2867274,A tiempo,0
AP-01519,28/03/2025,Bariloche,Buenos Aires,Bariloche-Buenos Aires,Boeing 737-700,126,96,16181989,9620937,A tiempo,0
AP-01520,2025-03-28,Mendoza,Buenos Aires,Mendoza-Buenos Aires,Boeing 737-700,126,107,11982320,7893315,A tiempo,0
AP-01521,28/03/2025,Buenos Aires,CORDOBA,Buenos Aires-Córdoba,Embraer 190,100,77,7471422,4715530,A tiempo,0
AP-01522,2025-03-29,Ushuaia,Buenos Aires,Ushuaia-Buenos Aires,Boeing 737-700,126,101,25698442,12561362,A tiempo,0
AP-01523,2025-03-29,Mendoza,Buenos Aires,Mendoza-Buenos Aires,Boeing 737-700,126,101,11878722,7917984,A tiempo,0
AP-01524,2025-03-29,Mendoza,Córdoba,Mendoza-Córdoba,ATR 72,70,40,3675324,2737992,A tiempo,0
AP-01525,2025-03-30,Tucumán,Córdoba,Tucumán-Córdoba,ATR 72,70,49,3923038,2709083,A tiempo,0
AP-01526,30/03/2025,Iguazú,Buenos Aires,Iguazú-Buenos Aires,Embraer 190,100,83,11373151,5651482,A tiempo,0
AP-01527,2025-03-30,Tucumán,SALTA,Tucumán-Salta,ATR 72,70,23,1501656,2253033,A tiempo,0
AP-01528,30/03/2025,Buenos Aires,Tucumán,Buenos Aires-Tucumán,Boeing 737-700,126,96,12743007,8276394,A tiempo,0
AP-01529,30/03/2025,Ushuaia,Buenos Aires,Ushuaia-Buenos Aires,Boeing 737-700,126,97,21499591,12651451,A tiempo,0
AP-01530,30/03/2025,Tucumán,Salta,Tucumán-Salta,ATR 72,70,25,1642727,2369194,A tiempo,0
AP-01531,2025-03-30,Buenos Aires,Bariloche,Buenos Aires-Bariloche,Boeing 737-700,126,102,16584984,9494200,Demorado,92
AP-01532,2025-03-30,Bariloche,Córdoba,Bariloche-Córdoba,Boeing 737-700,126,38,5934217,8845899,A tiempo,0
AP-01533,31/03/2025,Córdoba,Buenos Aires,Córdoba-Buenos Aires,ATR 72,70,57,4983225,2795389,A tiempo,0
AP-01534,2025-03-31,Buenos Aires,Tucumán,Buenos Aires-Tucumán,Embraer 190,100,79,10858705,5527253,A tiempo,0
AP-01535,31/03/2025,Buenos Aires,Córdoba,Buenos Aires-Córdoba,ATR 72,70,0,0,581383,Cancelado,0
AP-01536,31/03/2025,Mendoza,Córdoba,Mendoza-Córdoba,ATR 72,70,40,3459049,2868289,A tiempo,0
AP-01537,01/04/2025,Iguazú,Buenos Aires,Iguazú-Buenos Aires,Embraer 190,100,82,9948520,5407108,Demorado,55
AP-01538,2025-04-01,Rosario,Buenos Aires,Rosario-Buenos Aires,ATR 72,70,56,3543478,2279796,A tiempo,0
AP-01539,2025-04-01,Salta,Buenos Aires,Salta-Buenos Aires,Boeing 737-700,126,100,14335047,8865117,A tiempo,0
AP-01540,02/04/2025,Buenos Aires,Salta,Buenos Aires-Salta,Boeing 737-700,126,111,15876230,8729721,Demorado,49
AP-01541,02/04/2025,Córdoba,Buenos Aires,Córdoba-Buenos Aires,ATR 72,70,58,5342015,3078498,Demorado,84
AP-01542,03/04/2025,Salta,Buenos Aires,Salta-Buenos Aires,Boeing 737-700,126,102,14049384,8929421,A tiempo,0
AP-01543,2025-04-03,Córdoba,Salta,Córdoba-Salta,ATR 72,70,22,2181962,3034486,A tiempo,0
AP-01544,03/04/2025,Buenos Aires,Salta,Buenos Aires-Salta,Boeing 737-700,126,100,15719160,9296918,A tiempo,0
AP-01545,2025-04-03,Bariloche,Neuquén,Bariloche-Neuquén,ATR 72,70,41,2873951,2370890,Demorado,165
AP-01546,2025-04-03,Córdoba,Tucumán,Córdoba-Tucumán,ATR 72,70,43,3530157,2714541,Demorado,34
AP-01547,03/04/2025,Salta,Buenos Aires,Salta-Buenos Aires,Boeing 737-700,126,92,14388157,8903004,A tiempo,0
AP-01548,2025-04-04,Buenos Aires,Neuquén,Buenos Aires-Neuquén,Boeing 737-700,126,102,11599114,7916275,Demorado,26
AP-01549,04/04/2025,Córdoba,Bs As,Córdoba-Buenos Aires,ATR 72,70,52,4918756,3085370,A tiempo,0
AP-01550,2025-04-04,Córdoba,Buenos Aires,Córdoba-Buenos Aires,ATR 72,70,53,5091935,2951695,A tiempo,0
AP-01551,04/04/2025,Córdoba,Buenos Aires,Córdoba-Buenos Aires,Embraer 190,100,84,7970585,4610142,A tiempo,0
AP-01552,2025-04-04,Iguazú,Buenos Aires,Iguazú-Buenos Aires,Embraer 190,100,72,9681454,5464862,A tiempo,0
AP-01553,2025-04-05,Tucumán,Buenos Aires,Tucumán-Buenos Aires,Embraer 190,100,79,9772660,5443161,A tiempo,0
AP-01554,2025-04-05,Buenos Aires,Iguazú,Buenos Aires-Iguazú,Embraer 190,100,75,8986316,5738930,A tiempo,0
AP-01555,2025-04-05,Buenos Aires,Ushuaia,Buenos Aires-Ushuaia,Boeing 737-700,126,98,23504546,12427326,A tiempo,0
AP-01556,2025-04-06,Salta,Buenos Aires,Salta-Buenos Aires,Boeing 737-700,126,109,16433109,8810918,A tiempo,0
AP-01557,06/04/2025,Neuquén,Buenos Aires,Neuquén-Buenos Aires,Boeing 737-700,126,102,12723913,7891707,A tiempo,0
AP-01558,06/04/2025,Mendoza,Córdoba,Mendoza-Córdoba,Embraer 190,100,57,4906613,4758329,A tiempo,0
AP-01559,06/04/2025,Buenos Aires,Córdoba,Buenos Aires-Córdoba,ATR 72,70,55,5304730,2970732,A tiempo,0
AP-01560,2025-04-07,Buenos Aires,Mendoza,Buenos Aires-Mendoza,Embraer 190,100,80,9626949,5317809,Demorado,24
AP-01561,2025-04-07,Buenos Aires,Rosario,Buenos Aires-Rosario,ATR 72,70,58,3360239,2282212,Demorado,20
AP-01562,2025-04-07,Buenos Aires,Salta,Buenos Aires-Salta,Boeing 737-700,126,106,16333274,9232629,A tiempo,0
AP-01563,2025-04-08,Neuquén,Buenos Aires,Neuquén-Buenos Aires,Boeing 737-700,126,109,12212762,7597636,A tiempo,0
AP-01564,2025-04-09,Salta,Buenos Aires,Salta-Buenos Aires,Boeing 737-700,126,93,13032620,8669199,A tiempo,0
AP-01565,2025-04-10,Buenos Aires,Salta,Buenos Aires-Salta,Boeing 737-700,126,102,14034772,9366605,A tiempo,0
AP-01566,2025-04-10,Buenos Aires,Mendoza,Buenos Aires-Mendoza,Embraer 190,100,77,8913911,5605462,A tiempo,0
AP-01567,2025-04-10,Bariloche,Buenos Aires,Bariloche-Buenos Aires,Boeing 737-700,126,99,17696524,9973513,A tiempo,0
AP-01568,10/04/2025,Iguazú,Buenos Aires,Iguazú-Buenos Aires,Embraer 190,100,74,9455723,5951012,A tiempo,0
AP-01569,2025-04-11,Buenos Aires,Tucumán,Buenos Aires-Tucumán,Embraer 190,100,78,9965855,5722821,A tiempo,0
AP-01570,2025-04-11,Rosario,Córdoba,Rosario-Córdoba,ATR 72,70,36,2761686,2643747,A tiempo,0
AP-01571,2025-04-11,Tucumán,Córdoba,Tucumán-Córdoba,Embraer 190,100,61,5187818,4515193,A tiempo,0
AP-01572,2025-04-11,Buenos Aires,Iguazú,Buenos Aires-Iguazú,Boeing 737-700,126,102,12196647,8565245,A tiempo,0
AP-01573,2025-04-12,Mendoza,Córdoba,Mendoza-Córdoba,Embraer 190,100,59,5272592,4449523,A tiempo,0
AP-01574,2025-04-13,Bariloche,Buenos Aires,Bariloche-Buenos Aires,Boeing 737-700,126,97,16906834,9701651,A tiempo,0
AP-01575,13/04/2025,Buenos Aires,Tucumán,Buenos Aires-Tucumán,Boeing 737-700,126,98,12988911,8621897,A tiempo,0
AP-01576,13/04/2025,Buenos Aires,Rosario,Buenos Aires-Rosario,Embraer 190,100,76,4486394,3635661,A tiempo,0
AP-01577,14/04/2025,Buenos Aires,Salta,Buenos Aires-Salta,Boeing 737-700,126,92,14458540,9350846,A tiempo,0
AP-01578,2025-04-14,Iguazú,BUENOS AIRES,Iguazú-Buenos Aires,Embraer 190,100,71,9302794,5487460,A tiempo,0
AP-01579,2025-04-14,Mendoza,Buenos Aires,Mendoza-Buenos Aires,Embraer 190,100,76,8959995,5460564,Demorado,25
AP-01580,2025-04-15,Buenos Aires,Iguazú,Buenos Aires-Iguazú,Embraer 190,100,83,10497974,5672858,A tiempo,0
AP-01581,2025-04-15,Córdoba,Tucumán,Córdoba-Tucumán,Embraer 190,100,57,4928867,4486871,A tiempo,0
AP-01582,15/04/2025,Mendoza,Salta,Mendoza-Salta,Embraer 190,100,41,4673072,5767831,A tiempo,0
AP-01583,2025-04-15,Córdoba,mendoza,Córdoba-Mendoza,ATR 72,70,46,4371124,2974495,A tiempo,0
AP-01584,2025-04-15,Mendoza,Córdoba,Mendoza-Córdoba,ATR 72,70,39,3356437,2847678,A tiempo,0
AP-01585,2025-04-16,Iguazú,Buenos Aires,Iguazú-Buenos Aires,Embraer 190,100,72,9307538,5558364,A tiempo,0
AP-01586,16/04/2025,Iguazú,Buenos Aires,Iguazú-Buenos Aires,Embraer 190,100,78,9268799,5616330,A tiempo,0
AP-01587,2025-04-17,Mendoza,Buenos Aires,Mendoza-Buenos Aires,Embraer 190,100,78,8924999,5648332,A tiempo,0
AP-01588,17/04/2025,Tucumán,Buenos Aires,Tucumán-Buenos Aires,Boeing 737-700,126,105,13238780,8153814,Demorado,38
AP-01589,2025-04-17,Buenos Aires,Tucumán,Buenos Aires-Tucumán,Embraer 190,100,70,9439910,5432406,A tiempo,0
AP-01590,17/04/2025,Tucumán,Mendoza,Tucumán-Mendoza,Embraer 190,100,34,3773180,5181677,A tiempo,0
AP-01591,2025-04-18,Buenos Aires,Tucumán,Buenos Aires-Tucumán,Embraer 190,100,74,8927461,5805351,Demorado,19
AP-01592,18/04/2025,Iguazú,Buenos Aires,Iguazú-Buenos Aires,Embraer 190,100,86,11898492,5702173,A tiempo,0
AP-01593,2025-04-18,Iguazú,Buenos Aires,Iguazú-Buenos Aires,Embraer 190,100,89,11396661,5782754,A tiempo,0
AP-01594,2025-04-18,Neuquén,Bs As,Neuquén-Buenos Aires,Embraer 190,100,86,10851506,5311019,A tiempo,0
AP-01595,18/04/2025,Mendoza,Córdoba,Mendoza-Córdoba,ATR 72,70,41,3600898,2949802,A tiempo,0
AP-01596,2025-04-19,Buenos Aires,BARILOCHE,Buenos Aires-Bariloche,Boeing 737-700,126,104,18051864,9735945,A tiempo,0
AP-01597,19/04/2025,Buenos Aires,Iguazú,Buenos Aires-Iguazú,Embraer 190,100,80,10621164,5924120,A tiempo,0
AP-01598,2025-04-19,Neuquén,Bariloche,Neuquén-Bariloche,ATR 72,70,42,2984614,2517984,A tiempo,0
AP-01599,2025-04-20,Ushuaia,Buenos Aires,Ushuaia-Buenos Aires,Boeing 737-700,126,100,23553811,12097965,Demorado,29
AP-01600,2025-04-20,Bariloche,BUENOS AIRES,Bariloche-Buenos Aires,Boeing 737-700,126,113,18352842,9737358,A tiempo,0
AP-01601,2025-04-20,Neuquén,Buenos Aires,Neuquén-Buenos Aires,Boeing 737-700,126,101,12110715,8224633,A tiempo,0
AP-01601,2025-04-20,Neuquén,Buenos Aires,Neuquén-Buenos Aires,Boeing 737-700,126,101,12110715,8224633,A tiempo,0
AP-01602,20/04/2025,Bariloche,Neuquén,Bariloche-Neuquén,ATR 72,70,44,2907802,2524346,A tiempo,0
AP-01603,20/04/2025,Buenos Aires,Córdoba,Buenos Aires-Córdoba,ATR 72,70,53,4548830,2968745,A tiempo,0
AP-01604,2025-04-20,Córdoba,Rosario,Córdoba-Rosario,ATR 72,70,36,2370987,2498377,Demorado,27
AP-01605,2025-04-21,Bariloche,Neuquén,Bariloche-Neuquén,ATR 72,70,46,3044247,2338249,A tiempo,0
AP-01606,2025-04-21,Buenos Aires,Ushuaia,Buenos Aires-Ushuaia,Boeing 737-700,126,104,25887093,13060888,Demorado,17
AP-01607,21/04/2025,Salta,Tucumán,Salta-Tucumán,ATR 72,70,21,1320959,2459506,Demorado,78
AP-01608,2025-04-21,Rosario,Córdoba,Rosario-Córdoba,Embraer 190,100,48,3517254,4075014,A tiempo,0
AP-01609,2025-04-21,Córdoba,Rosario,Córdoba-Rosario,ATR 72,70,37,2822051,2636890,A tiempo,0
AP-01610,2025-04-21,Mendoza,Córdoba,Mendoza-Córdoba,ATR 72,70,42,3997059,2864443,A tiempo,0
AP-01611,2025-04-21,Mendoza,Buenos Aires,Mendoza-Buenos Aires,Embraer 190,100,79,9062138,5667232,Demorado,82
AP-01612,22/04/2025,Buenos Aires,Bariloche,Buenos Aires-Bariloche,Boeing 737-700,126,99,16466128,10239247,A tiempo,0
AP-01613,2025-04-22,Buenos Aires,Ushuaia,Buenos Aires-Ushuaia,Boeing 737-700,126,97,23945097,13058216,A tiempo,0
AP-01614,2025-04-22,Bariloche,Buenos Aires,Bariloche-Buenos Aires,Boeing 737-700,126,,16290315,9986980,A tiempo,0
AP-01615,25/04/2025,Tucumán,Buenos Aires,Tucumán-Buenos Aires,Embraer 190,100,73,9703766,5702106,Demorado,79
AP-01616,2025-04-25,Salta,Mendoza,Salta-Mendoza,Embraer 190,100,28,3207443,5342026,A tiempo,0
AP-01617,25/04/2025,Neuquén,Bariloche,Neuquén-Bariloche,ATR 72,70,47,3158084,2487871,Demorado,27
AP-01618,2025-04-26,Buenos Aires,Neuquén,Buenos Aires-Neuquén,Embraer 190,100,82,10023606,5417132,A tiempo,0
AP-01619,2025-04-26,Tucumán,Córdoba,Tucumán-Córdoba,ATR 72,70,40,3456305,2656930,A tiempo,0
AP-01620,26/04/2025,Córdoba,Rosario,Córdoba-Rosario,ATR 72,70,43,3243861,2489367,A tiempo,0
AP-01621,26/04/2025,Tucumán,Buenos Aires,Tucumán-Buenos Aires,Embraer 190,100,83,11367404,5483082,A tiempo,0
AP-01622,2025-04-27,Buenos Aires,Mendoza,Buenos Aires-Mendoza,Embraer 190,100,83,9212965,5542676,A tiempo,0
AP-01623,2025-04-27,Ushuaia,Buenos Aires,Ushuaia-Buenos Aires,Boeing 737-700,126,95,24853979,12940855,A tiempo,0
AP-01624,2025-04-27,Córdoba,Mendoza,Córdoba-Mendoza,ATR 72,70,45,4153197,2788825,Demorado,85
AP-01625,2025-04-28,Tucumán,Buenos Aires,Tucumán-Buenos Aires,Embraer 190,100,72,8878893,5509663,A tiempo,0
AP-01626,28/04/2025,Neuquén,Buenos Aires,Neuquén-Buenos Aires,Embraer 190,100,81,10478510,5323312,A tiempo,0
AP-01627,29/04/2025,Córdoba,Buenos Aires,Córdoba-Buenos Aires,ATR 72,70,61,5525620,3083473,A tiempo,0
AP-01628,29/04/2025,Mendoza,Córdoba,Mendoza-Córdoba,ATR 72,70,42,3551733,2771499,A tiempo,0
AP-01629,2025-04-29,Neuquén,Bariloche,Neuquén-Bariloche,ATR 72,70,44,3066406,2430536,A tiempo,0
AP-01630,2025-04-29,Buenos Aires,Rosario,Buenos Aires-Rosario,ATR 72,70,58,3796438,2282108,A tiempo,0
AP-01631,2025-04-29,Tucumán,Mendoza,Tucumán-Mendoza,Embraer 190,100,31,3353130,5506832,A tiempo,0
AP-01632,2025-04-29,Bariloche,Neuquén,Bariloche-Neuquén,ATR 72,70,45,2798817,2534114,A tiempo,0
AP-01633,2025-05-02,Córdoba,SALTA,Córdoba-Salta,ATR 72,70,24,2350869,2999015,A tiempo,0
AP-01634,02/05/2025,Córdoba,BARILOCHE,Córdoba-Bariloche,Embraer 190,100,37,5670390,6551846,A tiempo,0
AP-01635,03/05/2025,Bariloche,Neuquén,Bariloche-Neuquén,Embraer 190,100,66,4112549,4011173,A tiempo,0
AP-01636,03/05/2025,Neuquén,Buenos Aires,Neuquén-Buenos Aires,Embraer 190,100,88,9834384,5569040,A tiempo,0
AP-01637,03/05/2025,Buenos Aires,Córdoba,Buenos Aires-Córdoba,ATR 72,70,,6048628,3079235,Demorado,25
AP-01638,2025-05-03,Buenos Aires,Ushuaia,Buenos Aires-Ushuaia,Boeing 737-700,126,110,27162018,12959465,Demorado,16
AP-01639,2025-05-04,Buenos Aires,Iguazú,Buenos Aires-Iguazú,Embraer 190,100,85,11441178,5844204,A tiempo,0
AP-01640,04/05/2025,Bariloche,Bs As,Bariloche-Buenos Aires,Boeing 737-700,126,110,20343647,9995152,A tiempo,0
AP-01641,2025-05-04,Buenos Aires,Salta,Buenos Aires-Salta,Boeing 737-700,126,115,16437118,9474531,A tiempo,0
AP-01642,2025-05-04,Mendoza,Tucumán,Mendoza-Tucumán,Embraer 190,100,28,3216201,5448392,A tiempo,0
AP-01643,2025-05-04,Salta,Mendoza,Salta-Mendoza,Embraer 190,100,28,3683962,5363893,A tiempo,0
AP-01644,2025-05-04,Córdoba,Tucumán,Córdoba-Tucumán,ATR 72,70,47,4093345,2694610,A tiempo,0
AP-01645,2025-05-05,Tucumán,Buenos Aires,Tucumán-Buenos Aires,Embraer 190,100,80,10334308,5801870,Demorado,30
AP-01646,05/05/2025,Buenos Aires,Córdoba,Buenos Aires-Córdoba,ATR 72,70,61,5838862,2920195,A tiempo,0
AP-01647,06/05/2025,Córdoba,Buenos Aires,Córdoba-Buenos Aires,ATR 72,70,59,5259724,2851542,Demorado,58
AP-01648,2025-05-06,Buenos Aires,Bariloche,Buenos Aires-Bariloche,Embraer 190,100,89,14944199,6931437,A tiempo,0
AP-01649,07/05/2025,Córdoba,Buenos Aires,Córdoba-Buenos Aires,ATR 72,70,59,5853752,2993488,A tiempo,0
AP-01650,2025-05-07,Córdoba,Buenos Aires,Córdoba-Buenos Aires,ATR 72,70,65,6048526,3118596,A tiempo,0
AP-01651,07/05/2025,Salta,Córdoba,Salta-Córdoba,ATR 72,70,27,2591789,3225815,A tiempo,0
AP-01652,2025-05-07,Rosario,Buenos Aires,Rosario-Buenos Aires,ATR 72,70,67,4484137,2262563,A tiempo,0
AP-01653,2025-05-07,Bariloche,BUENOS AIRES,Bariloche-Buenos Aires,Boeing 737-700,126,122,19813728,9747480,A tiempo,0
AP-01654,08/05/2025,Buenos Aires,Mendoza,Buenos Aires-Mendoza,Embraer 190,100,85,10788141,5378549,A tiempo,0
AP-01655,2025-05-08,Buenos Aires,Ushuaia,Buenos Aires-Ushuaia,Boeing 737-700,126,115,26526432,12759352,A tiempo,0
AP-01656,08/05/2025,Buenos Aires,Córdoba,Buenos Aires-Córdoba,ATR 72,70,64,6181038,2860745,A tiempo,0
AP-01657,08/05/2025,Bariloche,Córdoba,Bariloche-Córdoba,Embraer 190,100,40,5744931,6029798,A tiempo,0
AP-01658,2025-05-09,Buenos Aires,Tucumán,Buenos Aires-Tucumán,Boeing 737-700,126,106,13910980,8048816,A tiempo,0
AP-01659,2025-05-09,Tucumán,BUENOS AIRES,Tucumán-Buenos Aires,Embraer 190,100,89,11155374,5998415,Demorado,95
AP-01660,2025-05-09,Buenos Aires,Salta,Buenos Aires-Salta,Boeing 737-700,126,114,16287054,9318851,A tiempo,0
AP-01661,2025-05-10,Córdoba,Buenos Aires,Córdoba-Buenos Aires,ATR 72,70,58,5328617,2980908,Demorado,30
AP-01662,11/05/2025,Buenos Aires,Neuquén,Buenos Aires-Neuquén,Embraer 190,100,84,9445100,5643619,A tiempo,0
AP-01663,11/05/2025,Córdoba,Mendoza,Córdoba-Mendoza,Embraer 190,100,66,6085671,4670082,A tiempo,0
AP-01664,11/05/2025,Buenos Aires,Neuquén,Buenos Aires-Neuquén,Embraer 190,100,83,9955960,5352252,Demorado,69
AP-01665,11/05/2025,Mendoza,Buenos Aires,Mendoza-Buenos Aires,Embraer 190,100,95,12386471,5314637,A tiempo,0
AP-01665,11/05/2025,Mendoza,Buenos Aires,Mendoza-Buenos Aires,Embraer 190,100,95,12386471,5314637,A tiempo,0
AP-01666,2025-05-11,Iguazú,Buenos Aires,Iguazú-Buenos Aires,Boeing 737-700,126,111,14332698,8736139,A tiempo,0
AP-01667,2025-05-11,Iguazú,Buenos Aires,Iguazú-Buenos Aires,Embraer 190,100,85,11408210,5981667,A tiempo,0
AP-01668,11/05/2025,Salta,Mendoza,Salta-Mendoza,Embraer 190,100,40,5154185,5554299,A tiempo,0
AP-01669,2025-05-11,Buenos Aires,Salta,Buenos Aires-Salta,Boeing 737-700,126,108,14997038,8843981,A tiempo,0
AP-01670,2025-05-12,Salta,Buenos Aires,Salta-Buenos Aires,Boeing 737-700,126,113,16791286,8734825,A tiempo,0
AP-01671,12/05/2025,Buenos Aires,Neuquén,Buenos Aires-Neuquén,Embraer 190,100,94,11091386,5664761,A tiempo,0
AP-01672,2025-05-12,Buenos Aires,Neuquén,Buenos Aires-Neuquén,Embraer 190,100,85,10944683,5532288,A tiempo,0
AP-01672,2025-05-12,Buenos Aires,Neuquén,Buenos Aires-Neuquén,Embraer 190,100,85,10944683,5532288,A tiempo,0
AP-01673,2025-05-13,Buenos Aires,Ushuaia,Buenos Aires-Ushuaia,Boeing 737-700,126,101,25252375,13167867,A tiempo,0
AP-01674,2025-05-13,Tucumán,Buenos Aires,Tucumán-Buenos Aires,Embraer 190,100,87,11663440,5847255,A tiempo,0
AP-01675,14/05/2025,Ushuaia,Buenos Aires,Ushuaia-Buenos Aires,Boeing 737-700,126,110,28011414,12499989,Demorado,51
AP-01676,2025-05-14,Tucumán,Córdoba,Tucumán-Córdoba,ATR 72,70,42,3583467,2821020,A tiempo,0
AP-01677,2025-05-14,Buenos Aires,Ushuaia,Buenos Aires-Ushuaia,Boeing 737-700,126,101,24258814,12888262,A tiempo,0
AP-01678,14/05/2025,Bariloche,Córdoba,Bariloche-Córdoba,Boeing 737-700,126,43,6774640,9230742,Demorado,65
AP-01679,14/05/2025,Ushuaia,Buenos Aires,Ushuaia-Buenos Aires,Boeing 737-700,126,106,24967198,12937242,Demorado,20
AP-01680,2025-05-15,Córdoba,Bariloche,Córdoba-Bariloche,Boeing 737-700,126,52,7611516,9135861,A tiempo,0
AP-01681,2025-05-15,Córdoba,Tucuman,Córdoba-Tucumán,ATR 72,70,54,4331729,2707021,Demorado,22
AP-01682,2025-05-15,Buenos Aires,Salta,Buenos Aires-Salta,Boeing 737-700,126,105,15647926,9137943,Demorado,24
AP-01683,15/05/2025,Tucumán,Córdoba,Tucumán-Córdoba,ATR 72,70,45,3490970,2656427,A tiempo,0
AP-01684,16/05/2025,Córdoba,Buenos Aires,Córdoba-Buenos Aires,ATR 72,70,56,5097180,3118831,A tiempo,0
AP-01685,2025-05-16,Córdoba,Salta,Córdoba-Salta,ATR 72,70,24,2180780,3200435,A tiempo,0
AP-01686,16/05/2025,Neuquén,Buenos Aires,Neuquén-Buenos Aires,Boeing 737-700,126,111,12748865,8354390,A tiempo,0
AP-01686,16/05/2025,Neuquén,Buenos Aires,Neuquén-Buenos Aires,Boeing 737-700,126,111,12748865,8354390,A tiempo,0
AP-01687,2025-05-17,Córdoba,Bs As,Córdoba-Buenos Aires,ATR 72,70,57,5446200,3103538,A tiempo,0
AP-01688,17/05/2025,Neuquén,Buenos Aires,Neuquén-Buenos Aires,Boeing 737-700,126,118,13838688,7913816,A tiempo,0
AP-01689,17/05/2025,Mendoza,Tucumán,Mendoza-Tucumán,Embraer 190,100,34,3709752,5248250,A tiempo,0
AP-01690,17/05/2025,Córdoba,Buenos Aires,Córdoba-Buenos Aires,ATR 72,70,59,5511390,3059756,A tiempo,0
AP-01691,2025-05-18,Buenos Aires,Iguazú,Buenos Aires-Iguazú,Boeing 737-700,126,106,13526566,8105185,A tiempo,0
AP-01692,2025-05-18,Córdoba,Mendoza,Córdoba-Mendoza,Embraer 190,100,62,5646774,4583471,A tiempo,0
AP-01693,2025-05-18,Neuquén,Bariloche,Neuquén-Bariloche,ATR 72,70,46,3335975,2458167,Demorado,44
AP-01694,2025-05-19,Tucumán,Buenos Aires,Tucumán-Buenos Aires,Embraer 190,100,81,10749849,5679339,A tiempo,0
AP-01695,2025-05-19,Mendoza,Buenos Aires,Mendoza-Buenos Aires,Embraer 190,100,90,11134690,5251109,A tiempo,0
AP-01696,20/05/2025,Córdoba,BUENOS AIRES,Córdoba-Buenos Aires,ATR 72,70,57,5379256,2927456,A tiempo,0
AP-01697,2025-05-20,Buenos Aires,Iguazu,Buenos Aires-Iguazú,Embraer 190,100,83,10785410,5548368,A tiempo,0
AP-01698,20/05/2025,Tucumán,BUENOS AIRES,Tucumán-Buenos Aires,Embraer 190,100,84,11832615,5709127,A tiempo,0
AP-01699,2025-05-20,Córdoba,Bariloche,Córdoba-Bariloche,Boeing 737-700,126,51,7452387,8795884,A tiempo,0
AP-01700,2025-05-20,Buenos Aires,Córdoba,Buenos Aires-Córdoba,ATR 72,70,63,5554819,2846301,A tiempo,0
AP-01701,2025-05-20,Rosario,Buenos Aires,Rosario-Buenos Aires,Embraer 190,100,85,5120880,4015386,A tiempo,0
AP-01702,21/05/2025,Córdoba,Buenos Aires,Córdoba-Buenos Aires,ATR 72,70,58,5065695,3131958,A tiempo,0
AP-01703,2025-05-21,Buenos Aires,Mendoza,Buenos Aires-Mendoza,Boeing 737-700,126,105,12178571,8041215,A tiempo,0
AP-01703,2025-05-21,Buenos Aires,Mendoza,Buenos Aires-Mendoza,Boeing 737-700,126,105,12178571,8041215,A tiempo,0
AP-01704,2025-05-22,Buenos Aires,Tucumán,Buenos Aires-Tucumán,Boeing 737-700,126,104,13205909,8526292,A tiempo,0
AP-01705,2025-05-22,Tucumán,Buenos Aires,Tucumán-Buenos Aires,Embraer 190,100,82,10570250,6020818,A tiempo,0
AP-01706,22/05/2025,Rosario,Buenos Aires,Rosario-Buenos Aires,ATR 72,70,60,3530881,2408190,A tiempo,0
AP-01707,2025-05-23,Córdoba,Salta,Córdoba-Salta,ATR 72,70,27,2562623,2989340,A tiempo,0
AP-01708,23/05/2025,Neuquén,Buenos Aires,Neuquén-Buenos Aires,Boeing 737-700,126,119,14493738,7742527,A tiempo,0
AP-01709,2025-05-23,Bariloche,CORDOBA,Bariloche-Córdoba,Boeing 737-700,126,52,8289320,9381118,A tiempo,
AP-01710,2025-05-24,Mendoza,Salta,Mendoza-Salta,Boeing 737-700,126,57,6757783,8368427,A tiempo,0
AP-01711,2025-05-24,Buenos Aires,Iguazú,Buenos Aires-Iguazú,Embraer 190,100,81,11137929,5815920,A tiempo,0
AP-01712,24/05/2025,Tucumán,Córdoba,Tucumán-Córdoba,ATR 72,70,50,4088670,2738496,A tiempo,0
AP-01713,2025-05-24,Neuquén,Buenos Aires,Neuquén-Buenos Aires,Embraer 190,100,87,11102058,5288700,A tiempo,0
AP-01714,25/05/2025,Córdoba,Buenos Aires,Córdoba-Buenos Aires,ATR 72,70,60,5174701,3034095,A tiempo,0
AP-01715,2025-05-25,Córdoba,Mendoza,Córdoba-Mendoza,ATR 72,70,45,3855209,3035093,A tiempo,0
AP-01716,2025-05-25,Buenos Aires,Córdoba,Buenos Aires-Córdoba,ATR 72,70,58,5752503,3068927,A tiempo,0
AP-01717,2025-05-25,Buenos Aires,Iguazú,Buenos Aires-Iguazú,Boeing 737-700,126,97,11669877,8115357,A tiempo,0
AP-01718,2025-05-25,Buenos Aires,Rosario,Buenos Aires-Rosario,ATR 72,70,58,3396337,2323539,Demorado,54
AP-01718,2025-05-25,Buenos Aires,Rosario,Buenos Aires-Rosario,ATR 72,70,58,3396337,2323539,Demorado,54
AP-01719,25/05/2025,Buenos Aires,Córdoba,Buenos Aires-Córdoba,ATR 72,70,58,5777992,2854275,A tiempo,0
AP-01720,2025-05-25,Bariloche,Buenos Aires,Bariloche-Buenos Aires,Boeing 737-700,126,116,21476017,9818680,Demorado,20
AP-01721,26/05/2025,Salta,Córdoba,Salta-Córdoba,ATR 72,70,31,3099264,3208920,A tiempo,0
AP-01722,2025-05-26,Buenos Aires,Iguazú,Buenos Aires-Iguazú,Embraer 190,100,76,9608532,5590735,A tiempo,0
AP-01723,26/05/2025,Bariloche,Buenos Aires,Bariloche-Buenos Aires,Boeing 737-700,126,109,18877410,10098725,A tiempo,0
AP-01724,2025-05-26,Rosario,Buenos Aires,Rosario-Buenos Aires,ATR 72,70,63,3896632,2291523,A tiempo,0
AP-01725,27/05/2025,Buenos Aires,Iguazú,Buenos Aires-Iguazú,Embraer 190,100,83,11158249,5818272,A tiempo,0
AP-01726,27/05/2025,Ushuaia,Buenos Aires,Ushuaia-Buenos Aires,Embraer 190,100,79,20541138,9089717,A tiempo,0
AP-01727,2025-05-27,Mendoza,Tucumán,Mendoza-Tucumán,Embraer 190,100,31,3376023,5346863,A tiempo,0
AP-01728,2025-05-27,Buenos Aires,Neuquén,Buenos Aires-Neuquén,Embraer 190,100,86,9799535,5544132,A tiempo,0
AP-01729,2025-05-27,Buenos Aires,Salta,Buenos Aires-Salta,Boeing 737-700,126,115,17814290,9290610,A tiempo,0
AP-01730,2025-05-28,Bariloche,Neuquen,Bariloche-Neuquén,ATR 72,70,48,3016052,2505969,A tiempo,0
AP-01731,29/05/2025,Salta,Mendoza,Salta-Mendoza,Embraer 190,100,40,4761165,5477660,A tiempo,0
AP-01732,29/05/2025,Buenos Aires,mendoza,Buenos Aires-Mendoza,Boeing 737-700,126,111,12427330,8415711,A tiempo,0
AP-01733,2025-05-30,Buenos Aires,Mendoza,Buenos Aires-Mendoza,Embraer 190,100,95,11934733,5344386,A tiempo,0
AP-01734,2025-05-30,Bariloche,Bs As,Bariloche-Buenos Aires,Boeing 737-700,126,122,20250225,10429122,A tiempo,0
AP-01735,2025-05-30,Rosario,Buenos Aires,Rosario-Buenos Aires,ATR 72,70,58,3622628,2491322,Demorado,49
AP-01736,30/05/2025,Buenos Aires,Iguazú,Buenos Aires-Iguazú,Embraer 190,100,82,10571531,5472891,A tiempo,0
AP-01737,30/05/2025,Buenos Aires,Neuquén,Buenos Aires-Neuquén,Embraer 190,100,90,10325309,5332895,A tiempo,0
AP-01738,2025-05-30,Córdoba,Bariloche,Córdoba-Bariloche,Embraer 190,100,37,5242344,6256645,A tiempo,0
AP-01739,31/05/2025,Rosario,Córdoba,Rosario-Córdoba,ATR 72,70,41,3018282,2510163,A tiempo,0
AP-01740,2025-05-31,Mendoza,Bs As,Mendoza-Buenos Aires,Embraer 190,100,0,0,1116167,Cancelado,0
AP-01741,2025-05-31,Buenos Aires,Salta,Buenos Aires-Salta,Boeing 737-700,126,110,15791827,8875167,A tiempo,0
AP-01742,2025-05-31,Tucumán,Bs As,Tucumán-Buenos Aires,Embraer 190,100,90,11939315,5899259,A tiempo,0
AP-01743,31/05/2025,Buenos Aires,Tucumán,Buenos Aires-Tucumán,Boeing 737-700,126,102,13275078,8049431,A tiempo,0
AP-01744,31/05/2025,Neuquén,Buenos Aires,Neuquén-Buenos Aires,Boeing 737-700,126,108,13501028,7899651,A tiempo,0
AP-01745,31/05/2025,Mendoza,Salta,Mendoza-Salta,Embraer 190,100,35,4016586,5454048,A tiempo,0
AP-01746,2025-06-01,Buenos Aires,Bariloche,Buenos Aires-Bariloche,Embraer 190,100,94,17386766,7221175,A tiempo,0
AP-01747,2025-06-01,Buenos Aires,Iguazú,Buenos Aires-Iguazú,Embraer 190,100,90,,5602633,Demorado,27
AP-01748,01/06/2025,Rosario,CORDOBA,Rosario-Córdoba,ATR 72,70,42,2941507,2515746,Demorado,43
AP-01749,02/06/2025,Tucumán,Buenos Aires,Tucumán-Buenos Aires,Embraer 190,100,80,11265714,5620147,A tiempo,0
AP-01750,02/06/2025,Buenos Aires,Mendoza,Buenos Aires-Mendoza,Embraer 190,100,92,10622441,5574925,A tiempo,0
AP-01751,2025-06-02,Ushuaia,Buenos Aires,Ushuaia-Buenos Aires,Embraer 190,100,91,21453158,9099795,A tiempo,0
AP-01752,2025-06-03,Buenos Aires,Córdoba,Buenos Aires-Córdoba,ATR 72,70,66,5995834,3015935,A tiempo,0
AP-01753,2025-06-03,Córdoba,Bariloche,Córdoba-Bariloche,Embraer 190,100,38,5617029,6609572,A tiempo,0
AP-01753,2025-06-03,Córdoba,Bariloche,Córdoba-Bariloche,Embraer 190,100,38,5617029,6609572,A tiempo,0
AP-01754,2025-06-03,Córdoba,Buenos Aires,Córdoba-Buenos Aires,ATR 72,70,62,6005266,3139165,Demorado,51
AP-01755,2025-06-04,Buenos Aires,Tucumán,Buenos Aires-Tucumán,Boeing 737-700,126,109,15103651,8955802,A tiempo,0
AP-01756,2025-06-04,Iguazú,Buenos Aires,Iguazú-Buenos Aires,Embraer 190,100,84,10735589,5880385,Demorado,72
AP-01757,2025-06-04,Salta,Tucumán,Salta-Tucumán,ATR 72,70,26,1715538,2292573,A tiempo,0
AP-01758,2025-06-04,Mendoza,Buenos Aires,Mendoza-Buenos Aires,Embraer 190,100,96,12264594,5468868,A tiempo,0
AP-01759,04/06/2025,Buenos Aires,Mendoza,Buenos Aires-Mendoza,Embraer 190,100,95,11510803,5501603,A tiempo,0
AP-01760,2025-06-04,Córdoba,Buenos Aires,Córdoba-Buenos Aires,ATR 72,70,66,6579171,2978088,Demorado,77
AP-01761,2025-06-05,Mendoza,Buenos Aires,Mendoza-Buenos Aires,Embraer 190,100,95,10892862,5585223,A tiempo,0
AP-01762,05/06/2025,Buenos Aires,Mendoza,Buenos Aires-Mendoza,Boeing 737-700,126,110,13766482,8518767,A tiempo,0
AP-01763,06/06/2025,Buenos Aires,Neuquén,Buenos Aires-Neuquén,Boeing 737-700,126,123,15846685,8577368,A tiempo,0
AP-01764,06/06/2025,Buenos Aires,Bariloche,Buenos Aires-Bariloche,Boeing 737-700,126,119,19478124,10397193,A tiempo,0
AP-01765,07/06/2025,Córdoba,Buenos Aires,Córdoba-Buenos Aires,ATR 72,70,62,5496122,2950029,A tiempo,0
AP-01766,07/06/2025,Neuquén,Bariloche,Neuquén-Bariloche,ATR 72,70,49,3251375,2547779,A tiempo,0
AP-01767,2025-06-07,Salta,Buenos Aires,Salta-Buenos Aires,Boeing 737-700,126,0,0,1828422,Cancelado,0
AP-01768,07/06/2025,Salta,Buenos Aires,Salta-Buenos Aires,Boeing 737-700,126,111,17583195,9024671,A tiempo,0
AP-01769,07/06/2025,Buenos Aires,Bariloche,Buenos Aires-Bariloche,Boeing 737-700,126,112,19454055,9586685,A tiempo,0
AP-01770,2025-06-07,Mendoza,Tucumán,Mendoza-Tucumán,Boeing 737-700,126,49,5437210,7787677,A tiempo,0
AP-01771,2025-06-08,Buenos Aires,Mendoza,Buenos Aires-Mendoza,Boeing 737-700,126,113,14692488,8351884,A tiempo,0
AP-01772,08/06/2025,Salta,Mendoza,Salta-Mendoza,Embraer 190,100,44,5573237,5888182,A tiempo,0
AP-01773,2025-06-08,Córdoba,Rosario,Córdoba-Rosario,ATR 72,70,43,3262766,2551614,A tiempo,0
AP-01774,2025-06-08,Buenos Aires,Córdoba,Buenos Aires-Córdoba,ATR 72,70,0,0,599231,Cancelado,0
AP-01775,2025-06-08,Salta,Tucumán,Salta-Tucumán,ATR 72,70,33,2003148,2292362,A tiempo,0
AP-01776,09/06/2025,Bariloche,Buenos Aires,Bariloche-Buenos Aires,Boeing 737-700,126,112,19488114,10471148,A tiempo,0
AP-01777,2025-06-09,Buenos Aires,Córdoba,Buenos Aires-Córdoba,ATR 72,70,61,5566876,2902861,A tiempo,0
AP-01778,2025-06-09,Bariloche,Neuquén,Bariloche-Neuquén,ATR 72,70,52,3291085,2462147,A tiempo,0
AP-01779,2025-06-09,Rosario,Buenos Aires,Rosario-Buenos Aires,ATR 72,70,65,4089580,2332371,A tiempo,0
AP-01779,2025-06-09,Rosario,Buenos Aires,Rosario-Buenos Aires,ATR 72,70,65,4089580,2332371,A tiempo,0
AP-01780,09/06/2025,Buenos Aires,Iguazú,Buenos Aires-Iguazú,Embraer 190,100,84,10843535,6082401,A tiempo,0
AP-01781,09/06/2025,Buenos Aires,Mendoza,Buenos Aires-Mendoza,Embraer 190,100,90,10932180,5361634,A tiempo,0
AP-01782,09/06/2025,Buenos Aires,Ushuaia,Buenos Aires-Ushuaia,Boeing 737-700,126,110,28360002,12919752,Demorado,55
AP-01783,09/06/2025,Rosario,Córdoba,Rosario-Córdoba,ATR 72,70,45,3085188,2674480,A tiempo,0
AP-01784,09/06/2025,Buenos Aires,Bariloche,Buenos Aires-Bariloche,Boeing 737-700,126,122,22785314,9857489,Demorado,22
AP-01785,10/06/2025,Bariloche,Buenos Aires,Bariloche-Buenos Aires,Embraer 190,100,84,15460587,7048468,Demorado,41
AP-01786,2025-06-10,Buenos Aires,Córdoba,Buenos Aires-Córdoba,ATR 72,70,58,5575231,2919197,A tiempo,0
AP-01787,10/06/2025,Buenos Aires,Mendoza,Buenos Aires-Mendoza,Embraer 190,100,84,10330168,5656027,A tiempo,0
AP-01788,12/06/2025,Salta,Mendoza,Salta-Mendoza,Boeing 737-700,126,55,6797866,8488646,A tiempo,0
AP-01789,2025-06-13,Tucumán,Buenos Aires,Tucumán-Buenos Aires,Boeing 737-700,126,105,14789041,8327392,A tiempo,0
AP-01790,14/06/2025,Tucumán,Salta,Tucumán-Salta,ATR 72,70,28,1891324,2387103,A tiempo,0
AP-01791,2025-06-14,Tucumán,Buenos Aires,Tucumán-Buenos Aires,Boeing 737-700,126,120,15989651,8919291,A tiempo,0
AP-01792,2025-06-14,Buenos Aires,Rosario,Buenos Aires-Rosario,ATR 72,70,59,3607123,2363875,A tiempo,0
AP-01793,2025-06-15,Buenos Aires,Bariloche,Buenos Aires-Bariloche,Boeing 737-700,126,111,18146250,9642745,A tiempo,0
AP-01794,2025-06-15,Salta,Buenos Aires,Salta-Buenos Aires,Boeing 737-700,126,116,18302774,9090003,Demorado,27
AP-01795,2025-06-15,Buenos Aires,Mendoza,Buenos Aires-Mendoza,Embraer 190,100,88,11539410,5652235,A tiempo,0
AP-01796,2025-06-15,Buenos Aires,Salta,Buenos Aires-Salta,Boeing 737-700,126,114,,9277672,Demorado,19
AP-01797,2025-06-15,Buenos Aires,Iguazú,Buenos Aires-Iguazú,Embraer 190,100,89,12310047,5968393,A tiempo,0
AP-01798,2025-06-17,Salta,Tucumán,Salta-Tucumán,ATR 72,70,36,2182040,2293066,Demorado,58
AP-01799,18/06/2025,Buenos Aires,Neuquén,Buenos Aires-Neuquén,Boeing 737-700,126,114,14962318,8065584,A tiempo,0
AP-01800,2025-06-19,Mendoza,Buenos Aires,Mendoza-Buenos Aires,Boeing 737-700,126,119,13453928,8086680,A tiempo,0
AP-01801,2025-06-20,Córdoba,Buenos Aires,Córdoba-Buenos Aires,ATR 72,70,63,5788610,3048942,Demorado,36
AP-01802,2025-06-20,Mendoza,Buenos Aires,Mendoza-Buenos Aires,Boeing 737-700,126,115,14520776,7922309,A tiempo,0
AP-01803,2025-06-20,Buenos Aires,Iguazú,Buenos Aires-Iguazú,Embraer 190,100,91,11904772,5568639,A tiempo,0
AP-01804,20/06/2025,Córdoba,Rosario,Córdoba-Rosario,Embraer 190,100,58,4508562,4171466,A tiempo,0
AP-01805,20/06/2025,Córdoba,Bariloche,Córdoba-Bariloche,Boeing 737-700,126,41,6197195,9224335,A tiempo,0
AP-01806,2025-06-20,Córdoba,Bs As,Córdoba-Buenos Aires,ATR 72,70,62,5951494,2946200,A tiempo,0
AP-01807,20/06/2025,Ushuaia,Buenos Aires,Ushuaia-Buenos Aires,Boeing 737-700,126,103,25213362,13444903,Demorado,
AP-01808,21/06/2025,Ushuaia,BUENOS AIRES,Ushuaia-Buenos Aires,Boeing 737-700,126,104,27668924,13392425,A tiempo,0
AP-01809,2025-06-21,Neuquén,BUENOS AIRES,Neuquén-Buenos Aires,Boeing 737-700,126,116,14429939,7790175,Demorado,45
AP-01810,2025-06-21,Buenos Aires,Iguazú,Buenos Aires-Iguazú,Boeing 737-700,126,110,14234903,8421997,A tiempo,0
AP-01811,21/06/2025,Buenos Aires,Rosario,Buenos Aires-Rosario,ATR 72,70,63,4257024,2416209,A tiempo,0
AP-01812,2025-06-22,Buenos Aires,Neuquén,Buenos Aires-Neuquén,Embraer 190,100,81,9337525,5366032,A tiempo,0
AP-01813,22/06/2025,Buenos Aires,Mendoza,Buenos Aires-Mendoza,Embraer 190,100,90,10886003,5295013,A tiempo,0
AP-01814,2025-06-22,Bariloche,Neuquén,Bariloche-Neuquén,ATR 72,70,50,3203375,2372935,Demorado,126
AP-01815,22/06/2025,Mendoza,Buenos Aires,Mendoza-Buenos Aires,Embraer 190,100,89,10331002,5462076,Demorado,55
AP-01816,2025-06-23,Rosario,Buenos Aires,Rosario-Buenos Aires,ATR 72,70,61,3760133,2488923,Demorado,37
AP-01817,2025-06-24,Buenos Aires,Tucumán,Buenos Aires-Tucumán,Embraer 190,100,83,10940534,5810992,A tiempo,0
AP-01818,24/06/2025,Buenos Aires,Ushuaia,Buenos Aires-Ushuaia,Boeing 737-700,126,109,27690832,13431827,A tiempo,0
AP-01819,2025-06-25,Salta,Córdoba,Salta-Córdoba,Embraer 190,100,48,4669449,5133086,A tiempo,0
AP-01820,2025-06-25,Mendoza,Salta,Mendoza-Salta,Boeing 737-700,126,51,5947617,7905893,A tiempo,0
AP-01821,26/06/2025,Bariloche,Neuquén,Bariloche-Neuquén,ATR 72,70,51,3327117,2419499,Demorado,44
AP-01822,2025-06-26,Ushuaia,Buenos Aires,Ushuaia-Buenos Aires,Boeing 737-700,126,102,25217447,12740485,A tiempo,0
AP-01823,2025-06-27,Mendoza,Cordoba,Mendoza-Córdoba,ATR 72,70,44,4021521,2994667,A tiempo,0
AP-01824,28/06/2025,Ushuaia,Buenos Aires,Ushuaia-Buenos Aires,Boeing 737-700,126,105,25072646,12401808,Demorado,98
AP-01825,2025-06-29,Mendoza,Salta,Mendoza-Salta,Embraer 190,100,40,5311616,5530676,A tiempo,0
AP-01826,2025-06-29,Buenos Aires,Tucumán,Buenos Aires-Tucumán,Embraer 190,100,82,10626062,5568734,A tiempo,0
AP-01827,2025-06-29,Tucumán,Mendoza,Tucumán-Mendoza,Boeing 737-700,126,47,5759758,8243258,A tiempo,0
AP-01828,2025-06-29,Salta,Córdoba,Salta-Córdoba,ATR 72,70,28,2628239,3105080,A tiempo,0
AP-01829,30/06/2025,Mendoza,Córdoba,Mendoza-Córdoba,ATR 72,70,46,3940847,2864275,A tiempo,0
AP-01830,2025-06-30,Bariloche,Buenos Aires,Bariloche-Buenos Aires,Boeing 737-700,126,115,20211706,10079033,A tiempo,0
AP-01831,30/06/2025,Mendoza,Buenos Aires,Mendoza-Buenos Aires,Embraer 190,100,93,11339286,5581886,A tiempo,0
AP-01832,2025-06-30,Tucumán,Córdoba,Tucumán-Córdoba,ATR 72,70,46,4038998,2829532,A tiempo,0
AP-01833,2025-07-01,Buenos Aires,Mendoza,Buenos Aires-Mendoza,Boeing 737-700,126,121,15746860,8256659,A tiempo,0
AP-01834,2025-07-01,Córdoba,Tucumán,Córdoba-Tucumán,ATR 72,70,58,5049348,2910264,A tiempo,0
AP-01835,2025-07-01,Buenos Aires,Ushuaia,Buenos Aires-Ushuaia,Boeing 737-700,126,123,32179985,12577126,A tiempo,0
AP-01836,2025-07-01,Tucumán,Buenos Aires,Tucumán-Buenos Aires,Boeing 737-700,126,121,17485410,8835354,A tiempo,0
AP-01837,2025-07-01,Córdoba,Salta,Córdoba-Salta,ATR 72,70,33,3432384,3108454,A tiempo,0
AP-01838,2025-07-02,Iguazú,Bs As,Iguazú-Buenos Aires,Embraer 190,100,96,12024197,5736558,A tiempo,0
AP-01839,2025-07-03,Iguazú,Buenos Aires,Iguazú-Buenos Aires,Embraer 190,100,94,12102833,5719686,A tiempo,0
AP-01840,03/07/2025,Buenos Aires,Iguazú,Buenos Aires-Iguazú,Embraer 190,100,98,12446472,5956778,A tiempo,0
AP-01841,2025-07-03,Buenos Aires,Salta,Buenos Aires-Salta,Boeing 737-700,126,123,17772639,9520621,A tiempo,0
AP-01842,2025-07-03,Córdoba,Rosario,Córdoba-Rosario,ATR 72,70,54,3865563,2727857,A tiempo,0
AP-01843,03/07/2025,Buenos Aires,Bariloche,Buenos Aires-Bariloche,Boeing 737-700,126,123,21138605,9925428,Demorado,43
AP-01844,2025-07-04,Córdoba,Bariloche,Córdoba-Bariloche,Boeing 737-700,126,56,8169452,9656608,A tiempo,0
AP-01845,2025-07-04,Salta,Mendoza,Salta-Mendoza,Embraer 190,100,33,4322927,5943958,A tiempo,0
AP-01846,2025-07-04,Buenos Aires,Salta,Buenos Aires-Salta,Boeing 737-700,126,123,17873831,9011923,A tiempo,0
AP-01847,2025-07-04,Córdoba,Mendoza,Córdoba-Mendoza,ATR 72,70,52,5131504,2881856,A tiempo,0
AP-01848,2025-07-05,Buenos Aires,Iguazú,Buenos Aires-Iguazú,Embraer 190,100,98,12925873,5600001,Demorado,69
AP-01849,05/07/2025,Buenos Aires,Salta,Buenos Aires-Salta,Boeing 737-700,126,122,18153544,9534502,A tiempo,0
AP-01850,2025-07-05,Salta,Tucumán,Salta-Tucumán,ATR 72,70,34,2368696,2353303,Demorado,23
AP-01851,2025-07-06,Córdoba,Buenos Aires,Córdoba-Buenos Aires,ATR 72,70,69,6551669,3015986,A tiempo,0
AP-01852,2025-07-06,Buenos Aires,Bariloche,Buenos Aires-Bariloche,Boeing 737-700,126,123,22257632,10277308,Demorado,100
AP-01853,06/07/2025,Ushuaia,Buenos Aires,Ushuaia-Buenos Aires,Boeing 737-700,126,120,32413878,12875156,Demorado,83
AP-01854,2025-07-07,Ushuaia,Buenos Aires,Ushuaia-Buenos Aires,Boeing 737-700,126,117,27908502,12827055,A tiempo,0
AP-01855,2025-07-07,Iguazú,Bs As,Iguazú-Buenos Aires,Embraer 190,100,96,13521057,5901150,A tiempo,0
AP-01856,07/07/2025,Córdoba,Mendoza,Córdoba-Mendoza,ATR 72,70,49,4190143,3001358,Demorado,32
AP-01857,2025-07-07,Buenos Aires,Neuquén,Buenos Aires-Neuquén,Embraer 190,100,98,12197651,5686538,A tiempo,0
AP-01858,2025-07-07,Iguazú,Buenos Aires,Iguazú-Buenos Aires,Embraer 190,100,93,12367687,5914549,A tiempo,0
AP-01859,2025-07-09,Córdoba,Buenos Aires,Córdoba-Buenos Aires,ATR 72,70,69,7087152,3066169,A tiempo,0
AP-01860,2025-07-09,Salta,Buenos Aires,Salta-Buenos Aires,Boeing 737-700,126,118,17975824,9443883,A tiempo,0
AP-01861,2025-07-09,Buenos Aires,BARILOCHE,Buenos Aires-Bariloche,Boeing 737-700,126,123,21323475,9789939,A tiempo,0
AP-01862,09/07/2025,Bariloche,Buenos Aires,Bariloche-Buenos Aires,Boeing 737-700,126,123,23193238,10125404,A tiempo,0
AP-01863,2025-07-09,Iguazú,Buenos Aires,Iguazú-Buenos Aires,Embraer 190,100,98,13627192,6111541,Demorado,59
AP-01864,2025-07-10,Mendoza,Buenos Aires,Mendoza-Buenos Aires,Embraer 190,100,98,11392319,5470922,A tiempo,0
AP-01865,2025-07-10,Bariloche,Buenos Aires,Bariloche-Buenos Aires,Boeing 737-700,126,123,20184979,10472396,A tiempo,0
AP-01866,2025-07-10,Bariloche,Buenos Aires,Bariloche-Buenos Aires,Boeing 737-700,126,123,21739702,10655457,A tiempo,0
AP-01867,11/07/2025,Córdoba,Bariloche,Córdoba-Bariloche,Boeing 737-700,126,58,8800711,9740411,A tiempo,0
AP-01868,11/07/2025,Bariloche,Córdoba,Bariloche-Córdoba,Boeing 737-700,126,56,8396508,8998948,A tiempo,0
AP-01869,11/07/2025,Buenos Aires,Iguazú,Buenos Aires-Iguazú,Embraer 190,100,95,13438674,5898489,A tiempo,0
AP-01870,12/07/2025,Salta,Córdoba,Salta-Córdoba,ATR 72,70,30,2802897,3076724,Demorado,39
AP-01871,12/07/2025,Rosario,Córdoba,Rosario-Córdoba,ATR 72,70,48,3711238,2526266,A tiempo,0
AP-01872,2025-07-13,Iguazú,BUENOS AIRES,Iguazú-Buenos Aires,Embraer 190,100,96,13686521,6180201,A tiempo,0
AP-01873,14/07/2025,Buenos Aires,Córdoba,Buenos Aires-Córdoba,ATR 72,70,66,6109298,3107942,A tiempo,0
AP-01874,2025-07-14,Córdoba,Rosario,Córdoba-Rosario,Embraer 190,100,70,5025302,4315286,A tiempo,0
AP-01875,2025-07-14,Buenos Aires,Rosario,Buenos Aires-Rosario,Embraer 190,100,98,6433226,3978939,A tiempo,0
AP-01876,14/07/2025,Buenos Aires,Iguazú,Buenos Aires-Iguazú,Embraer 190,100,89,11230960,5814599,A tiempo,0
AP-01877,2025-07-14,Mendoza,Cordoba,Mendoza-Córdoba,ATR 72,70,56,4776585,3067102,A tiempo,0
AP-01878,2025-07-15,Buenos Aires,ushuaia,Buenos Aires-Ushuaia,Boeing 737-700,126,0,0,2481107,Cancelado,0
AP-01879,15/07/2025,Buenos Aires,Rosario,Buenos Aires-Rosario,ATR 72,70,69,4252425,2467775,Demorado,17
AP-01880,2025-07-15,Bariloche,Córdoba,Bariloche-Córdoba,Boeing 737-700,126,55,8408992,9745161,A tiempo,0
AP-01881,2025-07-15,Buenos Aires,Salta,Buenos Aires-Salta,Boeing 737-700,126,122,17535790,9105690,A tiempo,0
AP-01882,16/07/2025,Rosario,Buenos Aires,Rosario-Buenos Aires,ATR 72,70,67,4252827,2406390,A tiempo,0
AP-01883,2025-07-16,Ushuaia,Bs As,Ushuaia-Buenos Aires,Boeing 737-700,126,116,31376024,12931038,A tiempo,0
AP-01884,2025-07-16,Neuquén,BUENOS AIRES,Neuquén-Buenos Aires,Boeing 737-700,126,123,15580804,8548047,Demorado,58
AP-01885,2025-07-17,Mendoza,Córdoba,Mendoza-Córdoba,ATR 72,70,56,5429994,3035570,A tiempo,0
AP-01886,2025-07-17,Buenos Aires,Córdoba,Buenos Aires-Córdoba,ATR 72,70,69,6991320,3054756,A tiempo,0
AP-01887,17/07/2025,Neuquén,Buenos Aires,Neuquén-Buenos Aires,Embraer 190,100,98,12084340,5482846,Demorado,35
AP-01888,2025-07-17,Bariloche,Buenos Aires,Bariloche-Buenos Aires,Boeing 737-700,126,123,20680340,10322238,A tiempo,0
AP-01889,2025-07-17,Neuquén,Buenos Aires,Neuquén-Buenos Aires,Embraer 190,100,98,11287704,5822543,A tiempo,0
AP-01890,2025-07-17,Buenos Aires,Ushuaia,Buenos Aires-Ushuaia,Boeing 737-700,126,123,32718088,12610407,Demorado,36
AP-01891,18/07/2025,Córdoba,Rosario,Córdoba-Rosario,ATR 72,70,49,3511731,2530771,A tiempo,0
AP-01892,2025-07-18,Mendoza,Buenos Aires,Mendoza-Buenos Aires,Embraer 190,100,98,,5851541,A tiempo,0
AP-01893,2025-07-18,Neuquén,Buenos Aires,Neuquén-Buenos Aires,Embraer 190,100,98,13077026,5546491,Demorado,17
AP-01894,2025-07-19,Bariloche,Buenos Aires,Bariloche-Buenos Aires,Boeing 737-700,126,123,21766032,10290927,A tiempo,0
AP-01895,2025-07-19,Córdoba,San Miguel de Tucumán,Córdoba-Tucumán,ATR 72,70,0,0,584078,Cancelado,0
AP-01896,2025-07-19,Salta,Córdoba,Salta-Córdoba,ATR 72,70,29,2874884,3022576,A tiempo,0
AP-01897,2025-07-19,Tucumán,Salta,Tucumán-Salta,Embraer 190,100,51,3230552,4034452,A tiempo,0
AP-01897,2025-07-19,Tucumán,Salta,Tucumán-Salta,Embraer 190,100,51,3230552,4034452,A tiempo,0
AP-01898,2025-07-20,Rosario,Córdoba,Rosario-Córdoba,Embraer 190,100,70,5285724,4298761,A tiempo,0
AP-01899,20/07/2025,Córdoba,Mendoza,Córdoba-Mendoza,ATR 72,70,53,5079670,3004739,A tiempo,0
AP-01900,2025-07-20,Buenos Aires,Bariloche,Buenos Aires-Bariloche,Boeing 737-700,126,121,22423855,9996917,A tiempo,0
AP-01901,21/07/2025,Salta,Buenos Aires,Salta-Buenos Aires,Boeing 737-700,126,123,19820211,9437822,A tiempo,0
AP-01902,2025-07-22,Ushuaia,Buenos Aires,Ushuaia-Buenos Aires,Boeing 737-700,126,123,29478520,13258953,Demorado,93
AP-01903,2025-07-22,Rosario,Córdoba,Rosario-Córdoba,ATR 72,70,49,3413502,2728777,Demorado,23
AP-01904,23/07/2025,Córdoba,Salta,Córdoba-Salta,ATR 72,70,26,2581323,3170577,A tiempo,0
AP-01905,2025-07-23,Buenos Aires,Mendoza,Buenos Aires-Mendoza,Embraer 190,100,98,12360049,5603320,A tiempo,0
AP-01906,2025-07-23,Córdoba,Salta,Córdoba-Salta,ATR 72,70,30,2774197,3174126,A tiempo,0
AP-01907,2025-07-23,Buenos Aires,Rosario,Buenos Aires-Rosario,Embraer 190,100,98,6577695,3879026,A tiempo,0
AP-01908,2025-07-24,Iguazú,Buenos Aires,Iguazú-Buenos Aires,Boeing 737-700,126,122,15744312,8559116,A tiempo,0
AP-01909,2025-07-24,Buenos Aires,Mendoza,Buenos Aires-Mendoza,Embraer 190,100,98,12528891,5733391,A tiempo,0
AP-01910,2025-07-24,Buenos Aires,Córdoba,Buenos Aires-Córdoba,ATR 72,70,69,6956618,2921291,A tiempo,0
AP-01911,2025-07-24,Iguazú,Buenos Aires,Iguazú-Buenos Aires,Boeing 737-700,126,122,17036517,8591396,A tiempo,0
AP-01912,2025-07-25,Buenos Aires,Neuquén,Buenos Aires-Neuquén,Embraer 190,100,94,11932777,5434693,A tiempo,0
AP-01913,25/07/2025,Mendoza,Buenos Aires,Mendoza-Buenos Aires,Embraer 190,100,98,12098639,5378745,Demorado,25
AP-01914,25/07/2025,Iguazú,Buenos Aires,Iguazú-Buenos Aires,Embraer 190,100,90,11042726,5889257,Demorado,28
AP-01915,25/07/2025,Córdoba,Tucumán,Córdoba-Tucumán,ATR 72,70,51,4064762,2766759,A tiempo,0
AP-01916,2025-07-26,Córdoba,Tucumán,Córdoba-Tucumán,ATR 72,70,56,4512927,2969425,Demorado,56
AP-01917,2025-07-26,Córdoba,Salta,Córdoba-Salta,ATR 72,70,27,2635548,3169616,A tiempo,0
AP-01918,2025-07-27,Salta,Buenos Aires,Salta-Buenos Aires,Boeing 737-700,126,123,17370980,9189687,A tiempo,0
AP-01919,2025-07-27,Buenos Aires,Salta,Buenos Aires-Salta,Boeing 737-700,126,123,18063910,8887966,A tiempo,0
AP-01920,2025-07-27,Córdoba,Mendoza,Córdoba-Mendoza,ATR 72,70,53,4545677,2954055,A tiempo,0
AP-01921,2025-07-27,Tucumán,Buenos Aires,Tucumán-Buenos Aires,Boeing 737-700,126,112,14728964,8831917,Demorado,25
AP-01922,2025-07-27,Buenos Aires,Córdoba,Buenos Aires-Córdoba,ATR 72,70,69,6194582,3130770,A tiempo,0
AP-01923,2025-07-27,Buenos Aires,Bariloche,Buenos Aires-Bariloche,Boeing 737-700,126,121,20167894,10269312,Demorado,45
AP-01924,28/07/2025,Tucumán,Buenos Aires,Tucumán-Buenos Aires,Embraer 190,100,98,13239301,5878746,A tiempo,0
AP-01925,2025-07-28,Buenos Aires,Bariloche,Buenos Aires-Bariloche,Embraer 190,100,98,17585815,7253252,Demorado,43
AP-01926,2025-07-28,Salta,Buenos Aires,Salta-Buenos Aires,Boeing 737-700,126,123,17777083,9474307,A tiempo,0
AP-01926,2025-07-28,Salta,Buenos Aires,Salta-Buenos Aires,Boeing 737-700,126,123,17777083,9474307,A tiempo,0
AP-01927,2025-07-28,Bariloche,Buenos Aires,Bariloche-Buenos Aires,Boeing 737-700,126,0,0,1992331,Cancelado,0
AP-01928,2025-07-28,Córdoba,Buenos Aires,Córdoba-Buenos Aires,ATR 72,70,69,6160193,2923787,A tiempo,0
AP-01929,28/07/2025,Buenos Aires,Neuquén,Buenos Aires-Neuquén,Embraer 190,100,,11763589,5371552,A tiempo,0
AP-01930,2025-07-29,Iguazú,Buenos Aires,Iguazú-Buenos Aires,Boeing 737-700,126,115,14607763,8322767,A tiempo,0
AP-01931,2025-07-29,Buenos Aires,Neuquén,Buenos Aires-Neuquén,Embraer 190,100,98,12415070,5852049,A tiempo,0
AP-01932,30/07/2025,Mendoza,Buenos Aires,Mendoza-Buenos Aires,Embraer 190,100,98,11476106,5366243,Demorado,29
AP-01933,2025-07-30,Buenos Aires,Bariloche,Buenos Aires-Bariloche,Boeing 737-700,126,123,20731119,9956191,Demorado,15
AP-01934,31/07/2025,Buenos Aires,Neuquén,Buenos Aires-Neuquén,Embraer 190,100,98,12849869,5452907,A tiempo,0
AP-01935,2025-07-31,Buenos Aires,Iguazú,Buenos Aires-Iguazú,Embraer 190,100,98,12842527,6075873,Demorado,104
AP-01936,31/07/2025,Ushuaia,Bs As,Ushuaia-Buenos Aires,Boeing 737-700,126,122,28680103,12375472,A tiempo,0
AP-01937,2025-07-31,Buenos Aires,Salta,Buenos Aires-Salta,Boeing 737-700,126,123,17943978,8985118,Demorado,53
AP-01938,2025-07-31,Córdoba,Salta,Córdoba-Salta,ATR 72,70,37,3854844,3072283,A tiempo,0
AP-01939,01/08/2025,Buenos Aires,Salta,Buenos Aires-Salta,Boeing 737-700,126,112,17077489,9036680,A tiempo,0
AP-01940,2025-08-01,Tucumán,Buenos Aires,Tucumán-Buenos Aires,Embraer 190,100,89,12526670,5807306,A tiempo,0
AP-01941,2025-08-02,Buenos Aires,Neuquén,Buenos Aires-Neuquén,Embraer 190,100,90,11931057,5704877,A tiempo,0
AP-01942,02/08/2025,Iguazú,Buenos Aires,Iguazú-Buenos Aires,Embraer 190,100,77,10883537,6044764,A tiempo,0
AP-01943,02/08/2025,Buenos Aires,Salta,Buenos Aires-Salta,Boeing 737-700,126,119,18541920,9296204,A tiempo,0
AP-01944,2025-08-02,Buenos Aires,Tucumán,Buenos Aires-Tucumán,Embraer 190,100,89,11462600,6264069,A tiempo,0
AP-01945,02/08/2025,Rosario,Córdoba,Rosario-Córdoba,ATR 72,70,,2798177,2583493,A tiempo,0
AP-01946,2025-08-02,Bariloche,Buenos Aires,Bariloche-Buenos Aires,Boeing 737-700,126,114,20072694,10314399,A tiempo,0
AP-01947,2025-08-03,Mendoza,Buenos Aires,Mendoza-Buenos Aires,Boeing 737-700,126,109,13639098,8129388,A tiempo,0
AP-01948,03/08/2025,Buenos Aires,Bariloche,Buenos Aires-Bariloche,Boeing 737-700,126,118,22060104,9934963,Demorado,17
AP-01949,2025-08-03,Córdoba,Tucumán,Córdoba-Tucumán,ATR 72,70,54,4678840,2804395,A tiempo,0
AP-01950,2025-08-04,Córdoba,Buenos Aires,Córdoba-Buenos Aires,ATR 72,70,61,5778427,3217542,A tiempo,0
AP-01951,2025-08-05,Tucumán,Salta,Tucumán-Salta,ATR 72,70,29,1874209,2483829,A tiempo,0
AP-01952,06/08/2025,Iguazú,Buenos Aires,Iguazú-Buenos Aires,Embraer 190,100,89,11318959,6080760,A tiempo,0
AP-01953,2025-08-06,Tucumán,Salta,Tucumán-Salta,ATR 72,70,0,0,511498,Cancelado,0
AP-01954,06/08/2025,Bariloche,Córdoba,Bariloche-Córdoba,Embraer 190,100,40,6201503,6456692,A tiempo,0
AP-01955,06/08/2025,Buenos Aires,Tucumán,Buenos Aires-Tucumán,Embraer 190,100,93,12049161,5846821,A tiempo,0
AP-01956,2025-08-07,Mendoza,Buenos Aires,Mendoza-Buenos Aires,Boeing 737-700,126,112,13002145,8565190,Demorado,23
AP-01957,07/08/2025,Buenos Aires,Mendoza,Buenos Aires-Mendoza,Embraer 190,100,95,12135432,5629018,A tiempo,0
AP-01958,07/08/2025,Buenos Aires,Bariloche,Buenos Aires-Bariloche,Boeing 737-700,126,109,19378182,10464896,A tiempo,0
AP-01959,08/08/2025,Rosario,Buenos Aires,Rosario-Buenos Aires,ATR 72,70,58,3782409,2561317,A tiempo,0
AP-01960,08/08/2025,Buenos Aires,Bariloche,Buenos Aires-Bariloche,Boeing 737-700,126,103,18966121,9846789,A tiempo,0
AP-01961,09/08/2025,Buenos Aires,Salta,Buenos Aires-Salta,Boeing 737-700,126,109,15613213,8987923,A tiempo,0
AP-01962,10/08/2025,Tucumán,Buenos Aires,Tucumán-Buenos Aires,Embraer 190,100,86,11200474,5909500,Demorado,54
AP-01963,10/08/2025,Salta,Córdoba,Salta-Córdoba,ATR 72,70,23,2192067,3056617,Demorado,69
AP-01964,2025-08-10,Mendoza,Buenos Aires,Mendoza-Buenos Aires,Embraer 190,100,97,11329919,5759606,Demorado,24
AP-01965,10/08/2025,Córdoba,Bs As,Córdoba-Buenos Aires,ATR 72,70,64,5901030,3165404,A tiempo,0
AP-01966,2025-08-10,Córdoba,Buenos Aires,Córdoba-Buenos Aires,ATR 72,70,60,5391374,3095377,A tiempo,0
AP-01967,2025-08-11,Salta,Córdoba,Salta-Córdoba,ATR 72,70,26,2474954,3097554,A tiempo,0
AP-01968,2025-08-11,Neuquén,Buenos Aires,Neuquén-Buenos Aires,Embraer 190,100,87,10855745,5812190,A tiempo,0
AP-01969,11/08/2025,Bariloche,Buenos Aires,Bariloche-Buenos Aires,Boeing 737-700,126,113,20478785,10347683,A tiempo,0
AP-01970,2025-08-11,Mendoza,Buenos Aires,Mendoza-Buenos Aires,Embraer 190,100,96,12184120,5500657,A tiempo,0
AP-01971,2025-08-12,Bariloche,Buenos Aires,Bariloche-Buenos Aires,Boeing 737-700,126,110,18215925,10701927,A tiempo,0
AP-01972,12/08/2025,Mendoza,Buenos Aires,Mendoza-Buenos Aires,Boeing 737-700,126,118,14855450,8075496,A tiempo,0
AP-01973,13/08/2025,Córdoba,Bariloche,Córdoba-Bariloche,Boeing 737-700,126,40,6580199,9944257,Demorado,92
AP-01974,2025-08-13,Rosario,Córdoba,Rosario-Córdoba,ATR 72,70,43,3333067,2712534,A tiempo,0
AP-01975,2025-08-14,Buenos Aires,Ushuaia,Buenos Aires-Ushuaia,Embraer 190,100,91,23077323,9363082,A tiempo,0
AP-01976,2025-08-14,Tucumán,Córdoba,Tucumán-Córdoba,ATR 72,70,50,4393296,2848991,A tiempo,0
AP-01977,2025-08-14,Buenos Aires,Bariloche,Buenos Aires-Bariloche,Boeing 737-700,126,102,19013037,10362563,Demorado,15
AP-01978,15/08/2025,Rosario,Buenos Aires,Rosario-Buenos Aires,Embraer 190,100,94,6643405,3903001,A tiempo,0
AP-01979,2025-08-15,Córdoba,Tucumán,Córdoba-Tucumán,ATR 72,70,46,3695585,2923534,A tiempo,0
AP-01980,15/08/2025,Buenos Aires,Salta,Buenos Aires-Salta,Boeing 737-700,126,112,16732659,9871789,A tiempo,0
AP-01981,2025-08-16,Mendoza,Córdoba,Mendoza-Córdoba,ATR 72,70,48,4182070,2917444,Demorado,26
AP-01982,16/08/2025,Buenos Aires,Bariloche,Buenos Aires-Bariloche,Boeing 737-700,126,120,20783927,10573474,A tiempo,0
AP-01983,16/08/2025,Buenos Aires,Bariloche,Buenos Aires-Bariloche,Boeing 737-700,126,104,19978830,10169585,A tiempo,0
AP-01984,2025-08-16,Córdoba,Buenos Aires,Córdoba-Buenos Aires,ATR 72,70,62,5619183,3061698,A tiempo,0
AP-01985,2025-08-16,Buenos Aires,Tucumán,Buenos Aires-Tucumán,Embraer 190,100,89,12337640,5999627,Demorado,15
AP-01986,16/08/2025,Córdoba,mendoza,Córdoba-Mendoza,ATR 72,70,51,4982561,3100755,A tiempo,0
AP-01987,2025-08-17,Bariloche,Córdoba,Bariloche-Córdoba,Boeing 737-700,126,53,8215406,9093698,A tiempo,0
AP-01988,18/08/2025,Iguazú,Buenos Aires,Iguazú-Buenos Aires,Embraer 190,100,97,13347616,5820684,A tiempo,0
AP-01989,2025-08-18,Córdoba,Tucumán,Córdoba-Tucumán,ATR 72,70,45,3569673,2759552,A tiempo,0
AP-01990,2025-08-19,Neuquén,Bariloche,Neuquén-Bariloche,ATR 72,70,44,2858593,2514844,A tiempo,0
AP-01991,2025-08-20,Buenos Aires,Mendoza,Buenos Aires-Mendoza,Embraer 190,100,95,12821973,5937503,A tiempo,0
AP-01992,2025-08-20,Buenos Aires,Ushuaia,Buenos Aires-Ushuaia,Boeing 737-700,126,106,25826667,13334595,A tiempo,0
AP-01993,21/08/2025,Mendoza,Buenos Aires,Mendoza-Buenos Aires,Embraer 190,100,98,13220348,5588614,A tiempo,0
AP-01994,21/08/2025,Buenos Aires,Neuquen,Buenos Aires-Neuquén,Embraer 190,100,91,10771682,5752488,A tiempo,0
AP-01995,2025-08-23,Bariloche,Córdoba,Bariloche-Córdoba,Boeing 737-700,126,45,6668761,9327180,A tiempo,0
AP-01996,23/08/2025,Mendoza,Buenos Aires,Mendoza-Buenos Aires,Embraer 190,100,93,11753865,5638138,A tiempo,0
AP-01997,23/08/2025,Córdoba,Mendoza,Córdoba-Mendoza,ATR 72,70,0,0,613683,Cancelado,0
AP-01998,2025-08-23,Buenos Aires,Neuquén,Buenos Aires-Neuquén,Boeing 737-700,126,122,15454284,8087995,A tiempo,0
AP-01999,2025-08-24,Iguazú,Buenos Aires,Iguazú-Buenos Aires,Boeing 737-700,126,113,16200670,8325450,Demorado,64
AP-02000,2025-08-24,Buenos Aires,Salta,Buenos Aires-Salta,Boeing 737-700,126,115,17527627,9037559,Demorado,17
AP-02001,24/08/2025,Salta,Buenos Aires,Salta-Buenos Aires,Boeing 737-700,126,106,17185288,9748979,A tiempo,0
AP-02002,24/08/2025,Córdoba,Buenos Aires,Córdoba-Buenos Aires,ATR 72,70,63,6471780,2992576,A tiempo,0
AP-02003,26/08/2025,Buenos Aires,Bariloche,Buenos Aires-Bariloche,Embraer 190,100,89,16747294,7194300,A tiempo,0
AP-02004,2025-08-26,Córdoba,Buenos Aires,Córdoba-Buenos Aires,ATR 72,70,64,5741780,3054405,A tiempo,0
AP-02005,26/08/2025,Iguazú,Buenos Aires,Iguazú-Buenos Aires,Boeing 737-700,126,108,15037590,8406802,A tiempo,0
AP-02006,2025-08-26,Córdoba,Buenos Aires,Córdoba-Buenos Aires,ATR 72,70,63,6344673,3082915,A tiempo,0
AP-02007,26/08/2025,Salta,Mendoza,Salta-Mendoza,Boeing 737-700,126,42,5599513,8476663,A tiempo,0
AP-02008,2025-08-27,Ushuaia,Buenos Aires,Ushuaia-Buenos Aires,Boeing 737-700,126,117,31342266,12812073,A tiempo,0
AP-02009,2025-08-27,Rosario,Buenos Aires,Rosario-Buenos Aires,ATR 72,70,61,4274120,2572645,A tiempo,0
AP-02010,27/08/2025,Buenos Aires,Tucumán,Buenos Aires-Tucumán,Embraer 190,100,90,12604615,6258602,A tiempo,0
AP-02011,27/08/2025,Iguazú,Buenos Aires,Iguazú-Buenos Aires,Boeing 737-700,126,109,14943814,8567547,A tiempo,0
AP-02012,28/08/2025,Bariloche,Córdoba,Bariloche-Córdoba,Boeing 737-700,126,42,6102788,9055687,Demorado,48
AP-02013,2025-08-28,Buenos Aires,Córdoba,Buenos Aires-Córdoba,Embraer 190,100,84,7839826,4815292,A tiempo,0
AP-02014,2025-08-29,Bariloche,Buenos Aires,Bariloche-Buenos Aires,Boeing 737-700,126,0,0,1962966,Cancelado,0
AP-02015,2025-08-29,Córdoba,Rosario,Córdoba-Rosario,ATR 72,70,45,,2577556,A tiempo,0
AP-02016,2025-08-29,Córdoba,Buenos Aires,Córdoba-Buenos Aires,ATR 72,70,59,5333374,3066053,A tiempo,0
AP-02017,2025-08-29,Córdoba,BUENOS AIRES,Córdoba-Buenos Aires,ATR 72,70,61,6260638,3108625,A tiempo,0
AP-02018,2025-08-30,Salta,Buenos Aires,Salta-Buenos Aires,Boeing 737-700,126,115,18184874,9456908,Demorado,58
AP-02019,30/08/2025,Córdoba,Buenos Aires,Córdoba-Buenos Aires,ATR 72,70,61,6003215,3211620,A tiempo,0
AP-02020,2025-08-30,Buenos Aires,Iguazú,Buenos Aires-Iguazú,Embraer 190,100,90,13026017,5946660,A tiempo,0
AP-02021,2025-08-30,Bariloche,BUENOS AIRES,Bariloche-Buenos Aires,Boeing 737-700,126,115,19427741,9929769,Demorado,133
AP-02022,2025-08-30,Mendoza,Salta,Mendoza-Salta,Embraer 190,100,0,0,1192246,Cancelado,0
AP-02023,31/08/2025,Córdoba,Rosario,Córdoba-Rosario,ATR 72,70,42,3112517,2555026,A tiempo,0
AP-02024,2025-08-31,Buenos Aires,Rosario,Buenos Aires-Rosario,ATR 72,70,64,4491292,2428213,Demorado,30
AP-02025,2025-08-31,Iguazú,Buenos Aires,Iguazú-Buenos Aires,Embraer 190,100,82,10516717,6254289,A tiempo,0
AP-02026,2025-08-31,Tucumán,Córdoba,Tucumán-Córdoba,ATR 72,70,50,4245943,2844368,A tiempo,0
AP-02027,2025-09-01,Bariloche,Bs As,Bariloche-Buenos Aires,Boeing 737-700,126,115,19364338,10059980,A tiempo,0
AP-02028,2025-09-01,Mendoza,Salta,Mendoza-Salta,Boeing 737-700,126,53,6484223,8442967,A tiempo,0
AP-02029,2025-09-01,Rosario,Córdoba,Rosario-Córdoba,ATR 72,70,40,2851304,2654523,A tiempo,0
AP-02030,2025-09-01,Córdoba,Mendoza,Córdoba-Mendoza,ATR 72,70,50,4606209,2994248,A tiempo,0
AP-02031,2025-09-01,Buenos Aires,Iguazú,Buenos Aires-Iguazú,Embraer 190,100,94,13084103,6205704,A tiempo,0
AP-02032,2025-09-01,Bariloche,Buenos Aires,Bariloche-Buenos Aires,Boeing 737-700,126,119,19891353,10860106,A tiempo,0
AP-02033,02/09/2025,Tucumán,Buenos Aires,Tucumán-Buenos Aires,Boeing 737-700,126,108,14926920,9286052,A tiempo,0
AP-02034,03/09/2025,Rosario,Córdoba,Rosario-Córdoba,Embraer 190,100,65,4744988,4282955,A tiempo,0
AP-02035,2025-09-03,Córdoba,Buenos Aires,Córdoba-Buenos Aires,ATR 72,70,66,6820271,3239976,A tiempo,0
AP-02036,2025-09-03,Rosario,Córdoba,Rosario-Córdoba,ATR 72,70,45,3388871,2798920,A tiempo,0
AP-02037,2025-09-04,Buenos Aires,Bariloche,Buenos Aires-Bariloche,Boeing 737-700,126,115,20504008,10558962,A tiempo,0
AP-02038,2025-09-04,Buenos Aires,Mendoza,Buenos Aires-Mendoza,Embraer 190,100,93,12419192,5631789,A tiempo,0
AP-02039,2025-09-04,Buenos Aires,mendoza,Buenos Aires-Mendoza,Embraer 190,100,98,12173964,6057416,A tiempo,0
AP-02040,2025-09-04,Buenos Aires,Córdoba,Buenos Aires-Córdoba,ATR 72,70,65,6609559,3243534,A tiempo,0
AP-02041,04/09/2025,Ushuaia,Buenos Aires,Ushuaia-Buenos Aires,Boeing 737-700,126,119,29148601,13939083,A tiempo,0
AP-02042,2025-09-04,Buenos Aires,Bariloche,Buenos Aires-Bariloche,Boeing 737-700,126,117,21355736,10874871,Demorado,20
AP-02043,2025-09-04,Tucumán,Salta,Tucumán-Salta,ATR 72,70,31,1931405,2493831,A tiempo,0
AP-02044,04/09/2025,Iguazú,Buenos Aires,Iguazú-Buenos Aires,Embraer 190,100,84,10795268,5827740,A tiempo,0
AP-02045,05/09/2025,Buenos Aires,Mendoza,Buenos Aires-Mendoza,Embraer 190,100,94,11640207,5499668,A tiempo,0
AP-02046,2025-09-05,Rosario,Buenos Aires,Rosario-Buenos Aires,ATR 72,70,66,4596626,2437957,A tiempo,0
AP-02047,2025-09-06,Salta,Mendoza,Salta-Mendoza,Embraer 190,100,33,4493368,5658916,A tiempo,0
AP-02048,06/09/2025,Mendoza,Córdoba,Mendoza-Córdoba,Embraer 190,100,72,6594251,4750443,A tiempo,0
AP-02049,2025-09-07,Buenos Aires,Córdoba,Buenos Aires-Córdoba,ATR 72,70,60,5941449,3044933,A tiempo,0
AP-02050,2025-09-07,Salta,Mendoza,Salta-Mendoza,Embraer 190,100,38,4853880,5892701,A tiempo,0
AP-02051,2025-09-07,Córdoba,Rosario,Córdoba-Rosario,Embraer 190,100,68,5437450,4345366,A tiempo,0
AP-02052,07/09/2025,Buenos Aires,Mendoza,Buenos Aires-Mendoza,Embraer 190,100,98,13089069,6016055,A tiempo,0
AP-02053,2025-09-07,Córdoba,Buenos Aires,Córdoba-Buenos Aires,ATR 72,70,,5777929,3271393,A tiempo,0
AP-02054,08/09/2025,Buenos Aires,Iguazú,Buenos Aires-Iguazú,Embraer 190,100,84,12368362,5840584,A tiempo,0
AP-02055,08/09/2025,Buenos Aires,Mendoza,Buenos Aires-Mendoza,Embraer 190,100,98,12288209,5872872,A tiempo,0
AP-02056,08/09/2025,Córdoba,San Miguel de Tucumán,Córdoba-Tucumán,ATR 72,70,53,4284294,2753842,A tiempo,0
AP-02057,2025-09-09,Buenos Aires,SALTA,Buenos Aires-Salta,Boeing 737-700,126,114,16748972,9794515,A tiempo,0
AP-02058,10/09/2025,Córdoba,Salta,Córdoba-Salta,ATR 72,70,27,2959923,3101188,A tiempo,0
AP-02059,11/09/2025,Buenos Aires,Iguazú,Buenos Aires-Iguazú,Embraer 190,100,89,11795390,5783262,A tiempo,0
AP-02060,11/09/2025,Buenos Aires,Mendoza,Buenos Aires-Mendoza,Embraer 190,100,95,12150915,6027009,A tiempo,0
AP-02061,2025-09-11,Buenos Aires,Mendoza,Buenos Aires-Mendoza,Embraer 190,100,98,13258504,5822786,A tiempo,0
AP-02062,2025-09-11,Buenos Aires,Iguazú,Buenos Aires-Iguazú,Embraer 190,100,84,12155412,5783590,A tiempo,0
AP-02063,12/09/2025,Mendoza,Córdoba,Mendoza-Córdoba,ATR 72,70,49,4396937,2900736,A tiempo,0
AP-02064,13/09/2025,Rosario,Córdoba,Rosario-Córdoba,ATR 72,70,44,3278339,2682518,A tiempo,0
AP-02065,2025-09-13,Bariloche,Buenos Aires,Bariloche-Buenos Aires,Embraer 190,100,95,16458147,7152042,Demorado,17
AP-02066,14/09/2025,Mendoza,Buenos Aires,Mendoza-Buenos Aires,Embraer 190,100,97,11478482,5765883,A tiempo,0
AP-02067,14/09/2025,Córdoba,Buenos Aires,Córdoba-Buenos Aires,ATR 72,70,65,5899296,2994604,A tiempo,0
AP-02068,14/09/2025,Buenos Aires,Neuquén,Buenos Aires-Neuquén,Embraer 190,100,85,11181495,5908807,A tiempo,0
AP-02069,2025-09-14,Córdoba,Buenos Aires,Córdoba-Buenos Aires,ATR 72,70,65,6600959,3228736,A tiempo,0
AP-02070,2025-09-14,Tucumán,Buenos Aires,Tucumán-Buenos Aires,Boeing 737-700,126,114,15903318,9127642,Demorado,115
AP-02071,14/09/2025,Buenos Aires,Iguazú,Buenos Aires-Iguazú,Embraer 190,100,85,12378318,5799944,A tiempo,0
AP-02072,15/09/2025,Córdoba,Bariloche,Córdoba-Bariloche,Boeing 737-700,126,56,8411647,9161916,Demorado,24
AP-02073,2025-09-15,Buenos Aires,BARILOCHE,Buenos Aires-Bariloche,Boeing 737-700,126,116,22400679,10032648,A tiempo,0
AP-02074,2025-09-15,Buenos Aires,Bariloche,Buenos Aires-Bariloche,Boeing 737-700,126,116,21552131,10299865,Demorado,19
AP-02075,2025-09-15,Buenos Aires,Neuquén,Buenos Aires-Neuquén,Embraer 190,100,91,10738420,5530119,Demorado,49
AP-02076,15/09/2025,Neuquén,Buenos Aires,Neuquén-Buenos Aires,Embraer 190,100,96,11538880,5581609,Demorado,35
AP-02077,2025-09-16,Buenos Aires,SALTA,Buenos Aires-Salta,Boeing 737-700,126,115,18159944,9400206,A tiempo,0
AP-02078,16/09/2025,Córdoba,Salta,Córdoba-Salta,ATR 72,70,25,2648266,3364796,A tiempo,0
AP-02079,2025-09-16,Tucumán,Córdoba,Tucumán-Córdoba,ATR 72,70,51,4053201,2912399,Demorado,43
AP-02080,17/09/2025,Bariloche,Buenos Aires,Bariloche-Buenos Aires,Embraer 190,100,98,18965019,7175719,A tiempo,0
AP-02081,17/09/2025,Buenos Aires,Bariloche,Buenos Aires-Bariloche,Boeing 737-700,126,123,22163435,10477331,A tiempo,0
AP-02082,2025-09-18,Ushuaia,Buenos Aires,Ushuaia-Buenos Aires,Boeing 737-700,126,112,27955618,13960412,A tiempo,0
AP-02083,2025-09-18,Córdoba,Rosario,Córdoba-Rosario,ATR 72,70,41,2966566,2617163,A tiempo,0
AP-02084,2025-09-19,Córdoba,Bs As,Córdoba-Buenos Aires,Embraer 190,100,90,9443621,5105488,A tiempo,0
AP-02085,19/09/2025,Buenos Aires,Rosario,Buenos Aires-Rosario,ATR 72,70,69,4402526,2473068,A tiempo,0
AP-02086,2025-09-19,Buenos Aires,Neuquén,Buenos Aires-Neuquén,Embraer 190,100,98,13190329,5767595,Demorado,34
AP-02087,2025-09-20,Bariloche,Buenos Aires,Bariloche-Buenos Aires,Boeing 737-700,126,114,22025185,10954389,A tiempo,0
AP-02088,2025-09-20,Neuquén,Buenos Aires,Neuquén-Buenos Aires,Boeing 737-700,126,123,16769134,8736802,Demorado,27
AP-02089,2025-09-20,Córdoba,Bariloche,Córdoba-Bariloche,Embraer 190,100,36,5970378,6792529,A tiempo,0
AP-02090,20/09/2025,Buenos Aires,Cordoba,Buenos Aires-Córdoba,ATR 72,70,63,6240118,3190773,A tiempo,0
AP-02091,2025-09-21,Buenos Aires,Salta,Buenos Aires-Salta,Boeing 737-700,126,113,18751898,9731998,A tiempo,0
AP-02092,21/09/2025,Tucumán,Buenos Aires,Tucumán-Buenos Aires,Boeing 737-700,126,109,14620132,9086869,A tiempo,0
AP-02093,2025-09-21,Córdoba,Salta,Córdoba-Salta,Embraer 190,100,46,5027149,4881782,A tiempo,0
AP-02094,2025-09-22,Mendoza,Tucumán,Mendoza-Tucumán,Embraer 190,100,38,4922213,5581134,A tiempo,0
AP-02095,2025-09-22,Tucumán,Buenos Aires,Tucumán-Buenos Aires,Embraer 190,100,92,11922109,6009433,A tiempo,0
AP-02096,22/09/2025,Mendoza,Córdoba,Mendoza-Córdoba,Embraer 190,100,70,6833035,4756734,A tiempo,0
AP-02097,23/09/2025,Buenos Aires,Iguazu,Buenos Aires-Iguazú,Boeing 737-700,126,117,17202143,9243174,A tiempo,0
AP-02098,2025-09-23,Iguazú,BUENOS AIRES,Iguazú-Buenos Aires,Embraer 190,100,87,11490993,5919816,A tiempo,0
AP-02099,24/09/2025,Bariloche,Buenos Aires,Bariloche-Buenos Aires,Boeing 737-700,126,119,22790587,10763217,A tiempo,0
AP-02100,2025-09-24,Buenos Aires,Bariloche,Buenos Aires-Bariloche,Boeing 737-700,126,123,23033821,10118732,A tiempo,0
AP-02101,2025-09-24,Buenos Aires,Bariloche,Buenos Aires-Bariloche,Boeing 737-700,126,117,22099869,10296185,A tiempo,0
AP-02102,24/09/2025,Iguazú,Buenos Aires,Iguazú-Buenos Aires,Boeing 737-700,126,116,14752139,8889427,A tiempo,0
AP-02103,25/09/2025,Córdoba,Buenos Aires,Córdoba-Buenos Aires,ATR 72,70,0,0,607476,Cancelado,0
AP-02104,2025-09-25,Salta,Córdoba,Salta-Córdoba,ATR 72,70,28,2915119,3316862,A tiempo,0
AP-02105,25/09/2025,Mendoza,Buenos Aires,Mendoza-Buenos Aires,Boeing 737-700,126,113,13327485,8108144,A tiempo,0
AP-02106,2025-09-25,Buenos Aires,BARILOCHE,Buenos Aires-Bariloche,Embraer 190,100,92,15491154,7160021,A tiempo,0
AP-02107,2025-09-25,Ushuaia,Buenos Aires,Ushuaia-Buenos Aires,Boeing 737-700,126,123,31862374,13591890,A tiempo,0
AP-02108,26/09/2025,Buenos Aires,Rosario,Buenos Aires-Rosario,ATR 72,70,64,4206330,2597795,Demorado,15
AP-02109,2025-09-26,Buenos Aires,Córdoba,Buenos Aires-Córdoba,ATR 72,70,62,6330994,3208643,A tiempo,0
AP-02110,2025-09-26,Salta,Buenos Aires,Salta-Buenos Aires,Boeing 737-700,126,123,19555088,9968215,A tiempo,0
AP-02111,2025-09-27,Tucumán,Mendoza,Tucumán-Mendoza,Boeing 737-700,126,46,5175623,8186597,A tiempo,0
AP-02112,2025-09-28,Bariloche,Buenos Aires,Bariloche-Buenos Aires,Boeing 737-700,126,119,21184803,10771078,A tiempo,0
AP-02113,2025-09-28,Bariloche,Buenos Aires,Bariloche-Buenos Aires,Boeing 737-700,126,118,21583247,10453173,A tiempo,0
AP-02114,28/09/2025,Tucumán,Córdoba,Tucumán-Córdoba,ATR 72,70,50,4273906,2788493,A tiempo,0
AP-02115,2025-09-28,Córdoba,BUENOS AIRES,Córdoba-Buenos Aires,ATR 72,70,63,6314409,3111375,Demorado,54
AP-02116,29/09/2025,Ushuaia,Bs As,Ushuaia-Buenos Aires,Boeing 737-700,126,115,27846625,12794998,A tiempo,0
AP-02117,2025-09-29,Salta,Buenos Aires,Salta-Buenos Aires,Boeing 737-700,126,110,17975627,9395987,A tiempo,0
AP-02118,29/09/2025,Buenos Aires,Salta,Buenos Aires-Salta,Boeing 737-700,126,113,16766829,9544927,A tiempo,0
AP-02119,2025-09-29,Buenos Aires,Bariloche,Buenos Aires-Bariloche,Boeing 737-700,126,114,18948024,10155151,A tiempo,0
AP-02120,30/09/2025,Buenos Aires,Córdoba,Buenos Aires-Córdoba,ATR 72,70,62,5740330,3158031,A tiempo,0
AP-02121,2025-09-30,Salta,Buenos Aires,Salta-Buenos Aires,Boeing 737-700,126,119,18100805,9190147,Demorado,30
AP-02122,2025-10-01,Buenos Aires,Cordoba,Buenos Aires-Córdoba,ATR 72,70,54,5614974,3322336,A tiempo,0
AP-02123,2025-10-01,Córdoba,Rosario,Córdoba-Rosario,ATR 72,70,38,2673054,2812112,A tiempo,0
AP-02124,2025-10-01,Buenos Aires,Tucumán,Buenos Aires-Tucumán,Embraer 190,100,80,11006698,5936463,A tiempo,0
AP-02125,2025-10-01,Buenos Aires,Tucumán,Buenos Aires-Tucumán,Boeing 737-700,126,105,14195088,8562629,A tiempo,0
AP-02126,02/10/2025,Salta,Mendoza,Salta-Mendoza,Embraer 190,100,39,5502839,6049374,A tiempo,0
AP-02127,2025-10-02,Neuquén,Bs As,Neuquén-Buenos Aires,Boeing 737-700,126,111,14242900,8516302,A tiempo,0
AP-02128,2025-10-02,Buenos Aires,Córdoba,Buenos Aires-Córdoba,ATR 72,70,58,6212764,3145414,A tiempo,0
AP-02129,2025-10-02,Bariloche,Córdoba,Bariloche-Córdoba,Boeing 737-700,126,47,7030654,10141388,A tiempo,0
AP-02130,2025-10-03,Buenos Aires,Bariloche,Buenos Aires-Bariloche,Boeing 737-700,126,98,17884017,10847598,Demorado,20
AP-02131,03/10/2025,Córdoba,Buenos Aires,Córdoba-Buenos Aires,ATR 72,70,54,5566928,3311966,Demorado,38
AP-02132,2025-10-03,Rosario,Córdoba,Rosario-Córdoba,ATR 72,70,41,2905344,2629437,A tiempo,0
AP-02133,03/10/2025,Ushuaia,Buenos Aires,Ushuaia-Buenos Aires,Boeing 737-700,126,103,25627750,12846331,A tiempo,0
AP-02134,2025-10-03,Buenos Aires,Tucumán,Buenos Aires-Tucumán,Embraer 190,100,86,11961779,6375303,Demorado,27
AP-02135,04/10/2025,Bariloche,Buenos Aires,Bariloche-Buenos Aires,Boeing 737-700,126,112,20501618,10403821,A tiempo,0
AP-02136,04/10/2025,Iguazú,Buenos Aires,Iguazú-Buenos Aires,Embraer 190,100,81,11867645,6110597,Demorado,37
AP-02137,2025-10-04,Buenos Aires,Bariloche,Buenos Aires-Bariloche,Boeing 737-700,126,96,16391170,10471795,A tiempo,0
AP-02138,2025-10-04,Córdoba,Salta,Córdoba-Salta,ATR 72,70,23,2446768,3345540,A tiempo,0
AP-02139,2025-10-05,Bariloche,Buenos Aires,Bariloche-Buenos Aires,Boeing 737-700,126,100,17403947,10242565,A tiempo,0
AP-02140,05/10/2025,Mendoza,Salta,Mendoza-Salta,Boeing 737-700,126,41,5159147,8319030,A tiempo,0
AP-02140,05/10/2025,Mendoza,Salta,Mendoza-Salta,Boeing 737-700,126,41,5159147,8319030,A tiempo,0
AP-02141,2025-10-05,Buenos Aires,Iguazu,Buenos Aires-Iguazú,Embraer 190,100,83,11896850,6045757,A tiempo,0
AP-02142,2025-10-06,Neuquén,Bariloche,Neuquén-Bariloche,Embraer 190,100,58,4474786,4083035,A tiempo,0
AP-02143,06/10/2025,Buenos Aires,Rosario,Buenos Aires-Rosario,ATR 72,70,61,3988586,2633570,A tiempo,0
AP-02144,06/10/2025,Buenos Aires,Rosario,Buenos Aires-Rosario,ATR 72,70,60,4215325,2568475,Demorado,25
AP-02145,06/10/2025,Salta,BUENOS AIRES,Salta-Buenos Aires,Boeing 737-700,126,104,16251866,9816542,A tiempo,0
AP-02146,2025-10-07,Buenos Aires,Bariloche,Buenos Aires-Bariloche,Boeing 737-700,126,103,17559736,10386634,A tiempo,0
AP-02147,2025-10-07,Buenos Aires,Mendoza,Buenos Aires-Mendoza,Embraer 190,100,89,11656949,5569829,A tiempo,0
AP-02148,2025-10-07,Córdoba,Tucumán,Córdoba-Tucumán,ATR 72,70,45,4064880,2828301,A tiempo,0
AP-02149,07/10/2025,Bariloche,Neuquen,Bariloche-Neuquén,ATR 72,70,44,3140060,2566039,A tiempo,0
AP-02150,07/10/2025,Buenos Aires,Tucumán,Buenos Aires-Tucumán,Boeing 737-700,126,103,14836804,8968754,A tiempo,0
AP-02151,2025-10-08,Buenos Aires,Mendoza,Buenos Aires-Mendoza,Embraer 190,100,86,11187582,5552758,A tiempo,0
AP-02152,2025-10-09,Salta,BUENOS AIRES,Salta-Buenos Aires,Boeing 737-700,126,101,15314789,9635629,A tiempo,0
AP-02153,2025-10-09,Buenos Aires,Neuquén,Buenos Aires-Neuquén,Embraer 190,100,92,11054616,5570221,A tiempo,0
AP-02154,2025-10-09,Buenos Aires,Tucumán,Buenos Aires-Tucumán,Embraer 190,100,82,11728782,6170262,A tiempo,0
AP-02155,2025-10-09,Córdoba,Rosario,Córdoba-Rosario,ATR 72,70,39,3045488,2656684,A tiempo,0
AP-02156,2025-10-09,Salta,Tucumán,Salta-Tucumán,ATR 72,70,30,2041707,2419674,Demorado,73
AP-02157,2025-10-09,Buenos Aires,Mendoza,Buenos Aires-Mendoza,Boeing 737-700,126,111,14762558,8675992,A tiempo,0
AP-02158,2025-10-09,Buenos Aires,Tucumán,Buenos Aires-Tucumán,Boeing 737-700,126,98,14489218,9319100,A tiempo,0
AP-02159,09/10/2025,Tucumán,Buenos Aires,Tucumán-Buenos Aires,Embraer 190,100,85,11168302,6152114,Demorado,53
AP-02160,2025-10-10,Bariloche,BUENOS AIRES,Bariloche-Buenos Aires,Boeing 737-700,126,103,17512792,10522218,Demorado,28
AP-02161,2025-10-10,Mendoza,Bs As,Mendoza-Buenos Aires,Boeing 737-700,126,104,13760980,8932813,A tiempo,0
AP-02162,2025-10-11,Buenos Aires,Córdoba,Buenos Aires-Córdoba,ATR 72,70,59,5862748,3111093,A tiempo,0
AP-02163,2025-10-11,Salta,Mendoza,Salta-Mendoza,Boeing 737-700,126,52,7113212,8314022,Demorado,15
AP-02164,11/10/2025,Buenos Aires,Tucumán,Buenos Aires-Tucumán,Boeing 737-700,126,104,15479618,8799519,A tiempo,0
AP-02165,13/10/2025,Buenos Aires,Ushuaia,Buenos Aires-Ushuaia,Boeing 737-700,126,104,26060298,13217313,A tiempo,0
AP-02166,2025-10-14,Córdoba,Salta,Córdoba-Salta,Embraer 190,100,35,3511011,4942023,A tiempo,0
AP-02167,14/10/2025,Córdoba,Rosario,Córdoba-Rosario,ATR 72,70,43,3417586,2614924,A tiempo,0
AP-02168,2025-10-14,Mendoza,Buenos Aires,Mendoza-Buenos Aires,Boeing 737-700,126,114,14977322,8549514,A tiempo,0
AP-02169,2025-10-14,Buenos Aires,Iguazú,Buenos Aires-Iguazú,Embraer 190,100,78,10116947,5865672,A tiempo,0
AP-02170,2025-10-15,Tucumán,Buenos Aires,Tucumán-Buenos Aires,Embraer 190,100,84,11974751,5982269,A tiempo,0
AP-02171,2025-10-15,Córdoba,Rosario,Córdoba-Rosario,ATR 72,70,38,2975347,2835585,A tiempo,0
AP-02172,2025-10-15,Córdoba,Mendoza,Córdoba-Mendoza,ATR 72,70,42,4178482,3152243,A tiempo,0
AP-02173,2025-10-15,Buenos Aires,Rosario,Buenos Aires-Rosario,Embraer 190,100,84,5325235,4146392,A tiempo,0
AP-02174,16/10/2025,Salta,Buenos Aires,Salta-Buenos Aires,Boeing 737-700,126,105,17307778,9625321,A tiempo,0
AP-02175,2025-10-16,Bariloche,Neuquén,Bariloche-Neuquén,ATR 72,70,45,3350217,2707900,A tiempo,0
AP-02176,2025-10-16,Buenos Aires,Córdoba,Buenos Aires-Córdoba,ATR 72,70,54,5657102,3268517,A tiempo,0
AP-02177,2025-10-16,Buenos Aires,Mendoza,Buenos Aires-Mendoza,Embraer 190,100,84,11564634,5660546,A tiempo,0
AP-02178,2025-10-17,Salta,Buenos Aires,Salta-Buenos Aires,Boeing 737-700,126,99,16781680,9425942,A tiempo,0
AP-02179,17/10/2025,Buenos Aires,Córdoba,Buenos Aires-Córdoba,ATR 72,70,58,5949421,3096857,A tiempo,0
AP-02180,2025-10-17,Bariloche,Buenos Aires,Bariloche-Buenos Aires,Embraer 190,100,78,13176615,7095757,A tiempo,0
AP-02181,17/10/2025,Neuquén,Bariloche,Neuquén-Bariloche,ATR 72,70,45,3147943,2724503,A tiempo,0
AP-02182,18/10/2025,Córdoba,Bariloche,Córdoba-Bariloche,Boeing 737-700,126,46,7854542,9456566,A tiempo,0
AP-02183,18/10/2025,Buenos Aires,Bariloche,Buenos Aires-Bariloche,Embraer 190,100,87,15861747,7595656,A tiempo,0
AP-02184,18/10/2025,Buenos Aires,Bariloche,Buenos Aires-Bariloche,Boeing 737-700,126,110,19714585,10969956,A tiempo,0
AP-02185,2025-10-18,Buenos Aires,Bariloche,Buenos Aires-Bariloche,Boeing 737-700,126,112,18867531,10324919,A tiempo,0
AP-02186,19/10/2025,Buenos Aires,Bariloche,Buenos Aires-Bariloche,Boeing 737-700,126,114,21195839,10787769,A tiempo,0
AP-02187,19/10/2025,Córdoba,Buenos Aires,Córdoba-Buenos Aires,ATR 72,70,60,5529155,3162872,A tiempo,0
AP-02188,19/10/2025,Salta,Córdoba,Salta-Córdoba,ATR 72,70,21,2130855,3117848,A tiempo,0
AP-02189,2025-10-19,Bariloche,Buenos Aires,Bariloche-Buenos Aires,Boeing 737-700,126,111,20370728,10374898,A tiempo,0
AP-02190,2025-10-20,Buenos Aires,Tucumán,Buenos Aires-Tucumán,Embraer 190,100,77,11174724,5992486,A tiempo,0
AP-02191,2025-10-20,Córdoba,Buenos Aires,Córdoba-Buenos Aires,ATR 72,70,62,6044583,3168563,A tiempo,0
AP-02192,2025-10-20,Tucumán,Córdoba,Tucumán-Córdoba,ATR 72,70,0,0,591081,Cancelado,0
AP-02193,2025-10-20,Mendoza,Córdoba,Mendoza-Córdoba,ATR 72,70,41,,3066066,A tiempo,0
AP-02194,20/10/2025,Bariloche,Córdoba,Bariloche-Córdoba,Boeing 737-700,126,49,7850467,9516825,Demorado,103
AP-02195,2025-10-20,Rosario,Córdoba,Rosario-Córdoba,ATR 72,70,35,2813552,2789303,Demorado,34
AP-02196,21/10/2025,Buenos Aires,Bariloche,Buenos Aires-Bariloche,Boeing 737-700,126,105,17900805,10927562,A tiempo,0
AP-02197,21/10/2025,Buenos Aires,Bariloche,Buenos Aires-Bariloche,Boeing 737-700,126,100,18933399,10820866,A tiempo,0
AP-02198,2025-10-21,Buenos Aires,Rosario,Buenos Aires-Rosario,ATR 72,70,55,3695458,2405778,A tiempo,0
AP-02199,2025-10-21,Buenos Aires,Salta,Buenos Aires-Salta,Boeing 737-700,126,106,15416603,9509150,A tiempo,0
AP-02200,2025-10-21,Iguazú,Bs As,Iguazú-Buenos Aires,Embraer 190,100,81,11791927,5922462,A tiempo,0
AP-02201,22/10/2025,Buenos Aires,Córdoba,Buenos Aires-Córdoba,ATR 72,70,57,5768063,3018953,A tiempo,0
AP-02202,2025-10-22,Córdoba,BUENOS AIRES,Córdoba-Buenos Aires,ATR 72,70,54,5655410,3176995,Demorado,38
AP-02203,2025-10-22,Iguazú,Buenos Aires,Iguazú-Buenos Aires,Embraer 190,100,83,10833131,6270530,Demorado,42
AP-02204,22/10/2025,Buenos Aires,Iguazú,Buenos Aires-Iguazú,Boeing 737-700,126,,12292970,9061679,A tiempo,0
AP-02205,23/10/2025,Mendoza,Córdoba,Mendoza-Córdoba,ATR 72,70,45,4219513,3186506,A tiempo,0
AP-02206,2025-10-23,Buenos Aires,Mendoza,Buenos Aires-Mendoza,Boeing 737-700,126,105,14390320,8390611,A tiempo,0
AP-02207,23/10/2025,Ushuaia,Buenos Aires,Ushuaia-Buenos Aires,Embraer 190,100,84,23348689,9147144,A tiempo,0
AP-02208,23/10/2025,Buenos Aires,Mendoza,Buenos Aires-Mendoza,Embraer 190,100,82,11152418,5994580,A tiempo,0
AP-02209,23/10/2025,Córdoba,Buenos Aires,Córdoba-Buenos Aires,ATR 72,70,0,0,630429,Cancelado,0
AP-02209,23/10/2025,Córdoba,Buenos Aires,Córdoba-Buenos Aires,ATR 72,70,0,0,630429,Cancelado,0
AP-02210,24/10/2025,Tucumán,Buenos Aires,Tucumán-Buenos Aires,Embraer 190,100,82,11451999,6027375,A tiempo,0
AP-02211,24/10/2025,Buenos Aires,Mendoza,Buenos Aires-Mendoza,Boeing 737-700,126,106,14643113,8991088,A tiempo,0
AP-02212,24/10/2025,Bariloche,Buenos Aires,Bariloche-Buenos Aires,Boeing 737-700,126,103,18270155,10833566,Demorado,28
AP-02213,24/10/2025,Salta,Buenos Aires,Salta-Buenos Aires,Boeing 737-700,126,107,17726310,9343036,A tiempo,0
AP-02214,2025-10-24,Bariloche,Buenos Aires,Bariloche-Buenos Aires,Boeing 737-700,126,113,19740059,10034428,A tiempo,0
AP-02215,25/10/2025,Buenos Aires,Córdoba,Buenos Aires-Córdoba,Embraer 190,100,89,8600510,5223697,A tiempo,0
AP-02216,2025-10-25,Buenos Aires,Córdoba,Buenos Aires-Córdoba,ATR 72,70,56,5806489,3159366,A tiempo,0
AP-02217,2025-10-25,Mendoza,Buenos Aires,Mendoza-Buenos Aires,Boeing 737-700,126,103,13391279,8929439,A tiempo,0
AP-02218,2025-10-25,Buenos Aires,Córdoba,Buenos Aires-Córdoba,ATR 72,70,60,5924082,3049148,A tiempo,0
AP-02219,25/10/2025,Buenos Aires,Neuquén,Buenos Aires-Neuquén,Embraer 190,100,81,11024187,5851850,A tiempo,0
AP-02220,25/10/2025,Buenos Aires,Bariloche,Buenos Aires-Bariloche,Boeing 737-700,126,107,19769934,10811040,Demorado,86
AP-02221,2025-10-25,Buenos Aires,Bariloche,Buenos Aires-Bariloche,Boeing 737-700,126,109,18399544,10240221,A tiempo,0
AP-02222,2025-10-26,Salta,Buenos Aires,Salta-Buenos Aires,Boeing 737-700,126,100,16457092,10072462,A tiempo,0
AP-02223,26/10/2025,Buenos Aires,Neuquén,Buenos Aires-Neuquén,Boeing 737-700,126,112,13471198,8853251,Demorado,68
AP-02224,2025-10-26,Mendoza,Salta,Mendoza-Salta,Embraer 190,100,35,4255544,5694841,A tiempo,0
AP-02225,2025-10-26,Mendoza,Córdoba,Mendoza-Córdoba,ATR 72,70,42,3754948,3043025,A tiempo,0
AP-02226,2025-10-27,Córdoba,Mendoza,Córdoba-Mendoza,Embraer 190,100,66,5837761,4851007,Demorado,38
AP-02227,2025-10-27,Buenos Aires,Ushuaia,Buenos Aires-Ushuaia,Boeing 737-700,126,97,25842909,12866356,Demorado,21
AP-02228,2025-10-27,Rosario,BUENOS AIRES,Rosario-Buenos Aires,ATR 72,70,56,3832919,2582964,Demorado,76
AP-02229,27/10/2025,Iguazú,Buenos Aires,Iguazú-Buenos Aires,Embraer 190,100,80,11166636,6343835,A tiempo,0
AP-02230,2025-10-27,Buenos Aires,Bariloche,Buenos Aires-Bariloche,Boeing 737-700,126,103,18529755,10201614,A tiempo,0
AP-02231,2025-10-27,Mendoza,Buenos Aires,Mendoza-Buenos Aires,Embraer 190,100,73,8908675,5932917,A tiempo,0
AP-02232,2025-10-28,Bariloche,Buenos Aires,Bariloche-Buenos Aires,Boeing 737-700,126,107,18753399,10101684,A tiempo,0
AP-02233,2025-10-28,Salta,Córdoba,Salta-Córdoba,ATR 72,70,28,2830642,3316354,A tiempo,0
AP-02234,2025-10-28,Iguazú,Bs As,Iguazú-Buenos Aires,Embraer 190,100,84,10690080,5889026,A tiempo,0
AP-02235,29/10/2025,Córdoba,Mendoza,Córdoba-Mendoza,ATR 72,70,45,4533742,2932794,A tiempo,0
AP-02236,2025-10-30,Salta,Buenos Aires,Salta-Buenos Aires,Boeing 737-700,126,113,18270002,9388722,A tiempo,0
AP-02237,2025-10-30,Buenos Aires,Tucumán,Buenos Aires-Tucumán,Embraer 190,100,79,10800753,6413651,A tiempo,0
AP-02238,2025-10-30,Mendoza,Buenos Aires,Mendoza-Buenos Aires,Boeing 737-700,126,108,14071198,8661424,A tiempo,0
AP-02239,2025-10-31,Buenos Aires,Mendoza,Buenos Aires-Mendoza,Embraer 190,100,80,10748398,5832175,Demorado,39
AP-02240,2025-10-31,Neuquén,Bariloche,Neuquén-Bariloche,ATR 72,70,45,3310829,2661231,Demorado,43
AP-02241,2025-10-31,Buenos Aires,Iguazú,Buenos Aires-Iguazú,Embraer 190,100,79,10393228,6267655,A tiempo,0
AP-02242,2025-10-31,Buenos Aires,Salta,Buenos Aires-Salta,Boeing 737-700,126,108,15900265,9412636,A tiempo,0
AP-02243,2025-10-31,Neuquén,BARILOCHE,Neuquén-Bariloche,ATR 72,70,54,3790344,2661293,Demorado,76
AP-02244,31/10/2025,Bariloche,Buenos Aires,Bariloche-Buenos Aires,Boeing 737-700,126,108,20681275,10740913,A tiempo,0
AP-02245,31/10/2025,Tucumán,Mendoza,Tucumán-Mendoza,Embraer 190,100,32,3673211,5908151,A tiempo,0
AP-02246,2025-10-31,Buenos Aires,Salta,Buenos Aires-Salta,Boeing 737-700,126,105,15844514,9569617,A tiempo,0
AP-02247,2025-11-02,Salta,Buenos Aires,Salta-Buenos Aires,Boeing 737-700,126,107,17199710,9362016,Demorado,55
AP-02248,02/11/2025,Bariloche,Buenos Aires,Bariloche-Buenos Aires,Boeing 737-700,126,116,22736385,10759501,Demorado,26
AP-02249,02/11/2025,Buenos Aires,Mendoza,Buenos Aires-Mendoza,Boeing 737-700,126,110,14908028,8360603,A tiempo,0
AP-02250,2025-11-02,Buenos Aires,Córdoba,Buenos Aires-Córdoba,ATR 72,70,54,4992326,3211640,A tiempo,0
AP-02251,2025-11-02,Neuquén,Buenos Aires,Neuquén-Buenos Aires,Embraer 190,100,86,11668384,6109976,A tiempo,0
AP-02252,2025-11-02,Mendoza,Salta,Mendoza-Salta,Boeing 737-700,126,46,5740777,8739715,A tiempo,0
AP-02253,02/11/2025,Córdoba,Rosario,Córdoba-Rosario,ATR 72,70,43,3136762,2668162,A tiempo,0
AP-02254,2025-11-02,Buenos Aires,Mendoza,Buenos Aires-Mendoza,Embraer 190,100,91,11819531,5916537,Demorado,41
AP-02255,2025-11-03,Buenos Aires,Iguazú,Buenos Aires-Iguazú,Embraer 190,100,84,12097556,6335460,A tiempo,0
AP-02256,2025-11-03,Buenos Aires,Córdoba,Buenos Aires-Córdoba,ATR 72,70,56,5539333,3052800,A tiempo,0
AP-02257,03/11/2025,Buenos Aires,Córdoba,Buenos Aires-Córdoba,Embraer 190,100,83,8028856,4924475,A tiempo,0
AP-02258,2025-11-03,Buenos Aires,Neuquén,Buenos Aires-Neuquén,Embraer 190,100,82,10676940,6005276,A tiempo,0
AP-02259,03/11/2025,Buenos Aires,Iguazú,Buenos Aires-Iguazú,Embraer 190,100,75,10040149,6115046,A tiempo,0
AP-02260,04/11/2025,Buenos Aires,Córdoba,Buenos Aires-Córdoba,ATR 72,70,54,5826223,3084977,A tiempo,0
AP-02261,2025-11-05,Buenos Aires,Córdoba,Buenos Aires-Córdoba,ATR 72,70,60,6316841,3252494,Demorado,15
AP-02262,05/11/2025,Tucumán,SALTA,Tucumán-Salta,ATR 72,70,28,1915270,2624159,A tiempo,0
AP-02263,05/11/2025,Córdoba,Buenos Aires,Córdoba-Buenos Aires,ATR 72,70,54,5052774,3328992,A tiempo,0
AP-02264,2025-11-05,Buenos Aires,Tucumán,Buenos Aires-Tucumán,Embraer 190,100,76,10919923,6062162,A tiempo,0
AP-02265,2025-11-06,Ushuaia,Buenos Aires,Ushuaia-Buenos Aires,Embraer 190,100,74,18438133,9939185,Demorado,43
AP-02266,06/11/2025,Mendoza,Buenos Aires,Mendoza-Buenos Aires,Boeing 737-700,126,107,15016114,8253578,Demorado,21
AP-02267,2025-11-06,Mendoza,Buenos Aires,Mendoza-Buenos Aires,Embraer 190,100,89,12413409,5875800,A tiempo,0
AP-02268,2025-11-06,Buenos Aires,Salta,Buenos Aires-Salta,Boeing 737-700,126,99,15679555,9307476,A tiempo,0
AP-02269,2025-11-06,Mendoza,Córdoba,Mendoza-Córdoba,ATR 72,70,46,4480881,3262054,A tiempo,0
AP-02270,2025-11-06,Ushuaia,Buenos Aires,Ushuaia-Buenos Aires,Embraer 190,100,79,22307622,9230988,A tiempo,0
AP-02271,2025-11-06,Neuquén,Buenos Aires,Neuquén-Buenos Aires,Boeing 737-700,126,107,14455893,8460317,A tiempo,0
AP-02272,06/11/2025,Salta,Tucumán,Salta-Tucumán,ATR 72,70,25,1738279,2554931,Demorado,17
AP-02273,07/11/2025,Rosario,Córdoba,Rosario-Córdoba,ATR 72,70,39,2899060,2783116,A tiempo,0
AP-02274,2025-11-07,Tucumán,Buenos Aires,Tucumán-Buenos Aires,Embraer 190,100,89,12865012,5945391,A tiempo,0
AP-02275,2025-11-07,Tucumán,Buenos Aires,Tucumán-Buenos Aires,Boeing 737-700,126,104,14462184,9254948,A tiempo,0
AP-02276,08/11/2025,Buenos Aires,Neuquén,Buenos Aires-Neuquén,Embraer 190,100,84,10873696,5843067,Demorado,156
AP-02277,2025-11-08,Neuquén,Buenos Aires,Neuquén-Buenos Aires,Boeing 737-700,126,111,13841314,8387547,A tiempo,0
AP-02278,2025-11-08,Ushuaia,Buenos Aires,Ushuaia-Buenos Aires,Boeing 737-700,126,104,26074375,13357376,A tiempo,0
AP-02279,2025-11-11,Buenos Aires,Neuquén,Buenos Aires-Neuquén,Embraer 190,100,86,10892243,5850664,A tiempo,0
AP-02280,11/11/2025,Buenos Aires,CORDOBA,Buenos Aires-Córdoba,ATR 72,70,58,6221078,3206331,A tiempo,0
AP-02281,2025-11-11,Buenos Aires,Tucumán,Buenos Aires-Tucumán,Embraer 190,100,75,9990405,6504703,A tiempo,0
AP-02282,12/11/2025,Buenos Aires,Bariloche,Buenos Aires-Bariloche,Boeing 737-700,126,104,20157680,10729888,A tiempo,0
AP-02283,2025-11-12,Buenos Aires,mendoza,Buenos Aires-Mendoza,Embraer 190,100,85,10262154,5655423,A tiempo,0
AP-02284,12/11/2025,Córdoba,Buenos Aires,Córdoba-Buenos Aires,ATR 72,70,62,6403327,3313982,A tiempo,0
AP-02285,2025-11-12,Buenos Aires,Iguazú,Buenos Aires-Iguazú,Boeing 737-700,126,99,13732870,8837552,A tiempo,0
AP-02286,2025-11-12,Ushuaia,Buenos Aires,Ushuaia-Buenos Aires,Boeing 737-700,126,97,25186292,14220545,A tiempo,0
AP-02287,2025-11-12,Buenos Aires,BARILOCHE,Buenos Aires-Bariloche,Boeing 737-700,126,98,17715196,10736757,A tiempo,0
AP-02288,2025-11-13,Ushuaia,Buenos Aires,Ushuaia-Buenos Aires,Embraer 190,100,83,21273603,9233714,A tiempo,0
AP-02289,13/11/2025,Ushuaia,Buenos Aires,Ushuaia-Buenos Aires,Embraer 190,100,81,21690480,9914746,A tiempo,0
AP-02290,14/11/2025,Buenos Aires,Mendoza,Buenos Aires-Mendoza,Embraer 190,100,88,11507334,6007053,A tiempo,0
AP-02291,2025-11-14,Neuquén,Buenos Aires,Neuquén-Buenos Aires,Boeing 737-700,126,104,13748134,8431392,Demorado,43
AP-02292,2025-11-14,Córdoba,Rosario,Córdoba-Rosario,ATR 72,70,39,3163115,2777850,Demorado,23
AP-02293,15/11/2025,Rosario,CORDOBA,Rosario-Córdoba,Embraer 190,100,51,4078392,4484043,Demorado,62
AP-02294,2025-11-15,Iguazú,Buenos Aires,Iguazú-Buenos Aires,Embraer 190,100,84,11615511,6069712,A tiempo,0
AP-02295,2025-11-15,Buenos Aires,Ushuaia,Buenos Aires-Ushuaia,Boeing 737-700,126,95,25451213,13963765,A tiempo,0
AP-02296,2025-11-15,Buenos Aires,Córdoba,Buenos Aires-Córdoba,ATR 72,70,0,0,637890,Cancelado,0
AP-02297,15/11/2025,Buenos Aires,Bariloche,Buenos Aires-Bariloche,Boeing 737-700,126,110,20736729,10748152,A tiempo,0
AP-02297,15/11/2025,Buenos Aires,Bariloche,Buenos Aires-Bariloche,Boeing 737-700,126,110,20736729,10748152,A tiempo,0
AP-02298,2025-11-15,Córdoba,Buenos Aires,Córdoba-Buenos Aires,ATR 72,70,59,5888315,3226523,Demorado,110
AP-02299,2025-11-15,Tucumán,Mendoza,Tucumán-Mendoza,Boeing 737-700,126,49,5597262,8454561,Demorado,72
AP-02300,2025-11-16,Buenos Aires,Mendoza,Buenos Aires-Mendoza,Embraer 190,100,88,11858700,5681895,A tiempo,0
AP-02301,2025-11-16,Buenos Aires,Mendoza,Buenos Aires-Mendoza,Embraer 190,100,86,10904189,5805988,A tiempo,0
AP-02302,2025-11-16,Mendoza,Salta,Mendoza-Salta,Boeing 737-700,126,52,6811711,8374101,A tiempo,0
AP-02302,2025-11-16,Mendoza,Salta,Mendoza-Salta,Boeing 737-700,126,52,6811711,8374101,A tiempo,0
AP-02303,2025-11-17,Córdoba,Bariloche,Córdoba-Bariloche,Boeing 737-700,126,41,6506344,9517581,A tiempo,0
AP-02304,2025-11-17,Córdoba,Rosario,Córdoba-Rosario,Embraer 190,100,58,4656202,4482841,A tiempo,0
AP-02305,2025-11-17,Buenos Aires,Córdoba,Buenos Aires-Córdoba,Embraer 190,100,81,8572270,5173556,A tiempo,0
AP-02306,2025-11-17,Buenos Aires,Córdoba,Buenos Aires-Córdoba,ATR 72,70,60,6168113,3053345,A tiempo,0
AP-02307,2025-11-17,Buenos Aires,Salta,Buenos Aires-Salta,Boeing 737-700,126,106,17470184,9577008,A tiempo,0
AP-02308,18/11/2025,Mendoza,Buenos Aires,Mendoza-Buenos Aires,Embraer 190,100,94,11539715,5692653,A tiempo,0
AP-02309,18/11/2025,Córdoba,BUENOS AIRES,Córdoba-Buenos Aires,ATR 72,70,57,5304620,3253340,A tiempo,0
AP-02310,2025-11-18,Buenos Aires,Ushuaia,Buenos Aires-Ushuaia,Boeing 737-700,126,105,28461784,13651552,A tiempo,0
AP-02311,18/11/2025,Bariloche,Córdoba,Bariloche-Córdoba,Boeing 737-700,126,44,6779661,9512409,Demorado,28
AP-02312,2025-11-19,Salta,Buenos Aires,Salta-Buenos Aires,Embraer 190,100,83,12634316,6955164,A tiempo,0
AP-02313,2025-11-19,Neuquén,Buenos Aires,Neuquén-Buenos Aires,Embraer 190,100,76,9621130,5779029,A tiempo,0
AP-02314,2025-11-19,Neuquén,Buenos Aires,Neuquén-Buenos Aires,Boeing 737-700,126,100,13170113,8538645,Demorado,20
AP-02315,19/11/2025,Buenos Aires,Bariloche,Buenos Aires-Bariloche,Boeing 737-700,126,106,18697615,11192505,A tiempo,0
AP-02316,2025-11-19,Buenos Aires,Neuquen,Buenos Aires-Neuquén,Embraer 190,100,85,11466534,5659113,Demorado,35
AP-02317,2025-11-19,Mendoza,BUENOS AIRES,Mendoza-Buenos Aires,Embraer 190,100,89,11402839,5854495,A tiempo,0
AP-02318,20/11/2025,Mendoza,Buenos Aires,Mendoza-Buenos Aires,Embraer 190,100,81,10312206,6100605,A tiempo,0
AP-02319,2025-11-20,Buenos Aires,Rosario,Buenos Aires-Rosario,Embraer 190,100,90,6571055,4239855,A tiempo,0
AP-02320,2025-11-20,Buenos Aires,Mendoza,Buenos Aires-Mendoza,Embraer 190,100,84,10372398,5642777,Demorado,67
AP-02321,2025-11-20,Salta,Tucumán,Salta-Tucumán,Embraer 190,100,37,2343283,4179902,A tiempo,0
AP-02322,20/11/2025,Buenos Aires,Mendoza,Buenos Aires-Mendoza,Embraer 190,100,82,10434045,5902031,A tiempo,0
AP-02323,2025-11-20,Iguazú,Buenos Aires,Iguazú-Buenos Aires,Embraer 190,100,85,11370967,6173557,A tiempo,0
AP-02324,2025-11-21,Buenos Aires,Tucuman,Buenos Aires-Tucumán,Boeing 737-700,126,106,14015132,8992951,A tiempo,0
AP-02325,2025-11-21,Buenos Aires,Mendoza,Buenos Aires-Mendoza,Embraer 190,100,0,0,1170239,Cancelado,0
AP-02326,21/11/2025,Buenos Aires,Córdoba,Buenos Aires-Córdoba,ATR 72,70,53,5139559,3113878,A tiempo,0
AP-02327,2025-11-21,Buenos Aires,Neuquén,Buenos Aires-Neuquén,Embraer 190,100,83,11266926,5745682,A tiempo,0
AP-02328,2025-11-21,Bariloche,Neuquén,Bariloche-Neuquén,ATR 72,70,48,3708105,2558997,A tiempo,0
AP-02329,2025-11-22,Córdoba,Tucumán,Córdoba-Tucumán,ATR 72,70,48,3980458,2938040,A tiempo,0
AP-02330,2025-11-22,Buenos Aires,Ushuaia,Buenos Aires-Ushuaia,Boeing 737-700,126,0,0,2809174,Cancelado,0
AP-02331,22/11/2025,Rosario,Córdoba,Rosario-Córdoba,ATR 72,70,34,2627525,2708252,Demorado,19
AP-02332,2025-11-22,Neuquén,Bs As,Neuquén-Buenos Aires,Embraer 190,100,84,10325531,6081708,A tiempo,0
AP-02333,2025-11-23,Mendoza,Córdoba,Mendoza-Córdoba,ATR 72,70,41,3812993,3224704,A tiempo,0
AP-02334,23/11/2025,Ushuaia,Buenos Aires,Ushuaia-Buenos Aires,Embraer 190,100,86,23765978,10018748,A tiempo,0
AP-02335,23/11/2025,Neuquén,Buenos Aires,Neuquén-Buenos Aires,Embraer 190,100,80,10528742,5746396,Demorado,17
AP-02336,2025-11-23,Bariloche,Neuquén,Bariloche-Neuquén,ATR 72,70,51,3673557,2641068,A tiempo,0
AP-02337,23/11/2025,Buenos Aires,Tucumán,Buenos Aires-Tucumán,Embraer 190,100,85,11484501,5994720,A tiempo,0
AP-02338,2025-11-23,Bariloche,Neuquén,Bariloche-Neuquén,ATR 72,70,47,3177235,2751742,Demorado,19
AP-02339,2025-11-25,Iguazú,Buenos Aires,Iguazú-Buenos Aires,Boeing 737-700,126,101,14158910,8687067,A tiempo,0
AP-02340,2025-11-25,Buenos Aires,Mendoza,Buenos Aires-Mendoza,Embraer 190,100,88,12110379,6073330,A tiempo,0
AP-02341,2025-11-26,Buenos Aires,Córdoba,Buenos Aires-Córdoba,ATR 72,70,51,5526993,3349275,A tiempo,0
AP-02342,2025-11-26,Buenos Aires,Salta,Buenos Aires-Salta,Boeing 737-700,126,95,14782058,10109981,Demorado,23
AP-02343,27/11/2025,Iguazú,Buenos Aires,Iguazú-Buenos Aires,Embraer 190,100,83,11586974,6261815,A tiempo,0
AP-02344,2025-11-27,Córdoba,Tucumán,Córdoba-Tucumán,ATR 72,70,45,4166492,3079838,Demorado,22
AP-02345,2025-11-28,Mendoza,Buenos Aires,Mendoza-Buenos Aires,Embraer 190,100,88,10616494,5817060,A tiempo,0
AP-02345,2025-11-28,Mendoza,Buenos Aires,Mendoza-Buenos Aires,Embraer 190,100,88,10616494,5817060,A tiempo,0
AP-02346,2025-11-28,Neuquén,Bariloche,Neuquén-Bariloche,ATR 72,70,49,3823442,2743600,A tiempo,0
AP-02347,28/11/2025,Tucumán,Córdoba,Tucumán-Córdoba,ATR 72,70,49,4408450,2964144,A tiempo,0
AP-02348,29/11/2025,Buenos Aires,Mendoza,Buenos Aires-Mendoza,Boeing 737-700,126,102,14108910,8484817,A tiempo,0
AP-02349,29/11/2025,Tucumán,Córdoba,Tucumán-Córdoba,ATR 72,70,45,3676651,2947205,A tiempo,0
AP-02350,2025-11-29,Salta,Tucumán,Salta-Tucumán,ATR 72,70,28,1968707,2672256,A tiempo,0
AP-02351,2025-11-29,Córdoba,Mendoza,Córdoba-Mendoza,ATR 72,70,48,4962743,2999768,A tiempo,0
AP-02352,30/11/2025,Rosario,Córdoba,Rosario-Córdoba,ATR 72,70,42,3050827,2782543,Demorado,41
AP-02353,2025-11-30,Tucumán,Salta,Tucumán-Salta,ATR 72,70,29,1988965,2479190,A tiempo,0
AP-02354,30/11/2025,Buenos Aires,Iguazú,Buenos Aires-Iguazú,Embraer 190,100,81,10676884,6240638,A tiempo,0
AP-02355,2025-11-30,Buenos Aires,Bariloche,Buenos Aires-Bariloche,Embraer 190,100,78,15360194,7724704,A tiempo,0
AP-02356,2025-11-30,Córdoba,Tucumán,Córdoba-Tucumán,ATR 72,70,42,3834005,2908273,A tiempo,0
AP-02357,30/11/2025,Iguazú,Buenos Aires,Iguazú-Buenos Aires,Embraer 190,100,74,9856468,5866429,A tiempo,0
AP-02358,30/11/2025,Iguazú,Buenos Aires,Iguazú-Buenos Aires,Embraer 190,100,79,10471677,6444985,A tiempo,0
AP-02359,2025-11-30,Buenos Aires,Bariloche,Buenos Aires-Bariloche,Boeing 737-700,126,101,17276813,10805609,Demorado,22
AP-02360,2025-12-01,Córdoba,Mendoza,Córdoba-Mendoza,ATR 72,70,53,5356406,3292055,A tiempo,0
AP-02361,02/12/2025,Buenos Aires,Córdoba,Buenos Aires-Córdoba,ATR 72,70,69,6554400,3102007,Demorado,145
AP-02362,2025-12-02,Córdoba,Salta,Córdoba-Salta,ATR 72,70,31,3088458,3317699,A tiempo,0
AP-02363,02/12/2025,Buenos Aires,Salta,Buenos Aires-Salta,Boeing 737-700,126,0,0,1898992,Cancelado,0
AP-02364,03/12/2025,Buenos Aires,Mendoza,Buenos Aires-Mendoza,Embraer 190,100,94,12802960,5752449,A tiempo,0
AP-02365,2025-12-03,Tucumán,Buenos Aires,Tucumán-Buenos Aires,Boeing 737-700,126,115,16178585,9303329,A tiempo,0
AP-02366,03/12/2025,Córdoba,Buenos Aires,Córdoba-Buenos Aires,Embraer 190,100,95,9486028,5170252,A tiempo,0
AP-02367,2025-12-04,Buenos Aires,Neuquén,Buenos Aires-Neuquén,Boeing 737-700,126,114,14139408,8761546,A tiempo,0
AP-02368,2025-12-04,Salta,Córdoba,Salta-Córdoba,ATR 72,70,28,3147372,3236947,A tiempo,0
AP-02369,04/12/2025,Tucumán,Córdoba,Tucumán-Córdoba,ATR 72,70,55,4733091,2917065,A tiempo,0
AP-02370,2025-12-04,Mendoza,Buenos Aires,Mendoza-Buenos Aires,Embraer 190,100,98,11974786,5726204,Demorado,73
AP-02371,2025-12-04,Mendoza,Buenos Aires,Mendoza-Buenos Aires,Embraer 190,100,94,12804383,5863752,A tiempo,0
AP-02372,2025-12-05,Neuquén,Bariloche,Neuquén-Bariloche,ATR 72,70,52,3660269,2782745,A tiempo,0
AP-02373,2025-12-05,Córdoba,SALTA,Córdoba-Salta,ATR 72,70,31,3332246,3220694,A tiempo,0
AP-02374,2025-12-05,Tucumán,Buenos Aires,Tucumán-Buenos Aires,Embraer 190,100,91,13503207,6543037,A tiempo,0
AP-02375,06/12/2025,Ushuaia,Buenos Aires,Ushuaia-Buenos Aires,Boeing 737-700,126,121,34709823,13740052,A tiempo,0
AP-02376,07/12/2025,Buenos Aires,Salta,Buenos Aires-Salta,Boeing 737-700,126,115,18704669,10296538,Demorado,24
AP-02377,2025-12-07,Mendoza,Salta,Mendoza-Salta,Embraer 190,100,45,5974113,5884985,A tiempo,0
AP-02378,07/12/2025,Buenos Aires,Neuquén,Buenos Aires-Neuquén,Embraer 190,100,97,13386989,5847200,A tiempo,0
AP-02379,2025-12-08,Buenos Aires,San Carlos de Bariloche,Buenos Aires-Bariloche,Boeing 737-700,126,115,22868062,10871037,A tiempo,0
AP-02380,08/12/2025,Bariloche,Buenos Aires,Bariloche-Buenos Aires,Boeing 737-700,126,121,24336357,10753163,A tiempo,0
AP-02381,2025-12-09,Salta,mendoza,Salta-Mendoza,Embraer 190,100,36,5214354,6276916,A tiempo,0
AP-02382,09/12/2025,Buenos Aires,Córdoba,Buenos Aires-Córdoba,ATR 72,70,64,6086776,3363663,A tiempo,0
AP-02383,2025-12-09,Salta,Buenos Aires,Salta-Buenos Aires,Boeing 737-700,126,119,20082457,9787448,A tiempo,0
AP-02384,2025-12-10,Buenos Aires,Iguazú,Buenos Aires-Iguazú,Boeing 737-700,126,120,16640351,9569405,A tiempo,0
AP-02385,10/12/2025,Mendoza,Buenos Aires,Mendoza-Buenos Aires,Embraer 190,100,94,13013709,5890505,A tiempo,0
AP-02386,2025-12-10,Córdoba,Bs As,Córdoba-Buenos Aires,ATR 72,70,69,6994969,3366212,A tiempo,0
AP-02387,10/12/2025,Neuquén,Bariloche,Neuquén-Bariloche,ATR 72,70,50,3755544,2579134,A tiempo,0
AP-02388,2025-12-10,Salta,Mendoza,Salta-Mendoza,Embraer 190,100,39,4828624,5778180,A tiempo,0
AP-02389,10/12/2025,Neuquén,Bariloche,Neuquén-Bariloche,ATR 72,70,55,4021392,2785987,A tiempo,0
AP-02390,2025-12-11,Mendoza,Salta,Mendoza-Salta,Embraer 190,100,45,6365665,6130147,A tiempo,0
AP-02391,2025-12-11,Iguazú,Buenos Aires,Iguazú-Buenos Aires,Boeing 737-700,126,115,17478996,8698397,A tiempo,0
AP-02392,11/12/2025,Neuquén,Bariloche,Neuquén-Bariloche,ATR 72,70,55,3792618,2697303,A tiempo,0
AP-02393,2025-12-11,Salta,Buenos Aires,Salta-Buenos Aires,Boeing 737-700,126,109,16641331,9955954,A tiempo,0
AP-02394,12/12/2025,Buenos Aires,Neuquén,Buenos Aires-Neuquén,Boeing 737-700,126,123,16482492,8782474,A tiempo,0
AP-02395,2025-12-12,Salta,San Miguel de Tucumán,Salta-Tucumán,ATR 72,70,27,1851956,2623541,A tiempo,0
AP-02396,13/12/2025,Buenos Aires,San Carlos de Bariloche,Buenos Aires-Bariloche,Boeing 737-700,126,110,19931055,10703838,A tiempo,0
AP-02397,2025-12-14,Buenos Aires,Salta,Buenos Aires-Salta,Boeing 737-700,126,119,20053485,10084404,A tiempo,0
AP-02398,2025-12-14,Ushuaia,Buenos Aires,Ushuaia-Buenos Aires,Boeing 737-700,126,109,29377345,13490685,A tiempo,0
AP-02399,2025-12-14,Mendoza,Buenos Aires,Mendoza-Buenos Aires,Embraer 190,100,92,11461223,5911224,A tiempo,0
AP-02400,2025-12-14,Córdoba,Buenos Aires,Córdoba-Buenos Aires,ATR 72,70,67,7173373,3117943,A tiempo,0
AP-02401,2025-12-14,Neuquén,Bariloche,Neuquén-Bariloche,ATR 72,70,49,3357137,2699472,Demorado,71
AP-02402,2025-12-14,Tucumán,Mendoza,Tucumán-Mendoza,Embraer 190,100,37,4488205,5707494,A tiempo,0
AP-02403,2025-12-15,Buenos Aires,Tucumán,Buenos Aires-Tucumán,Embraer 190,100,98,13464340,6174210,A tiempo,0
AP-02404,2025-12-15,Buenos Aires,Córdoba,Buenos Aires-Córdoba,ATR 72,70,0,0,632460,Cancelado,0
AP-02405,16/12/2025,Buenos Aires,Córdoba,Buenos Aires-Córdoba,ATR 72,70,64,6839427,3133441,A tiempo,0
AP-02406,2025-12-16,Mendoza,Salta,Mendoza-Salta,Boeing 737-700,126,43,5865892,9041827,A tiempo,0
AP-02407,2025-12-17,Ushuaia,BUENOS AIRES,Ushuaia-Buenos Aires,Embraer 190,100,98,24854354,10004143,A tiempo,0
AP-02408,17/12/2025,Salta,Buenos Aires,Salta-Buenos Aires,Boeing 737-700,126,113,18606694,10249010,A tiempo,0
AP-02409,2025-12-18,Buenos Aires,Ushuaia,Buenos Aires-Ushuaia,Boeing 737-700,126,115,30747163,13905488,A tiempo,0
AP-02410,2025-12-18,Salta,Buenos Aires,Salta-Buenos Aires,Boeing 737-700,126,119,18514492,9977004,A tiempo,0
AP-02411,2025-12-19,Buenos Aires,Ushuaia,Buenos Aires-Ushuaia,Boeing 737-700,126,117,31193132,13412208,A tiempo,0
AP-02412,2025-12-19,Córdoba,Tucumán,Córdoba-Tucumán,ATR 72,70,52,4894577,3005095,A tiempo,0
AP-02413,20/12/2025,Buenos Aires,Iguazú,Buenos Aires-Iguazú,Embraer 190,100,93,12989690,6084354,A tiempo,0
AP-02414,2025-12-20,Buenos Aires,Rosario,Buenos Aires-Rosario,ATR 72,70,66,4346623,2546622,Demorado,73
AP-02415,2025-12-20,Salta,Buenos Aires,Salta-Buenos Aires,Boeing 737-700,126,0,0,1949135,Cancelado,0
AP-02416,2025-12-21,Mendoza,Cordoba,Mendoza-Córdoba,ATR 72,70,51,4692139,3157311,A tiempo,0
AP-02417,2025-12-21,Buenos Aires,Neuquén,Buenos Aires-Neuquén,Embraer 190,100,98,13818873,5811940,A tiempo,0
AP-02418,22/12/2025,Mendoza,BUENOS AIRES,Mendoza-Buenos Aires,Embraer 190,100,98,12695955,6046543,A tiempo,0
AP-02419,23/12/2025,Iguazú,Buenos Aires,Iguazú-Buenos Aires,Boeing 737-700,126,123,16591462,8863764,A tiempo,0
AP-02420,2025-12-23,Buenos Aires,Bariloche,Buenos Aires-Bariloche,Boeing 737-700,126,121,24159097,10645938,A tiempo,0
AP-02421,24/12/2025,Bariloche,Neuquén,Bariloche-Neuquén,ATR 72,70,52,3707668,2697692,A tiempo,0
AP-02422,2025-12-24,Buenos Aires,Tucumán,Buenos Aires-Tucumán,Embraer 190,100,91,12134132,6330518,A tiempo,0
AP-02423,2025-12-25,Salta,Tucumán,Salta-Tucumán,ATR 72,70,31,2195548,2482965,A tiempo,0
AP-02424,2025-12-25,Córdoba,Buenos Aires,Córdoba-Buenos Aires,ATR 72,70,67,6724233,3225684,A tiempo,0
AP-02425,2025-12-25,Rosario,Córdoba,Rosario-Córdoba,ATR 72,70,43,3089498,2829070,A tiempo,0
AP-02426,2025-12-25,Neuquén,Buenos Aires,Neuquén-Buenos Aires,Embraer 190,100,95,12937512,5734811,A tiempo,0
AP-02427,26/12/2025,Córdoba,Rosario,Córdoba-Rosario,ATR 72,70,44,3611246,2718686,A tiempo,0
AP-02428,2025-12-26,Bariloche,Buenos Aires,Bariloche-Buenos Aires,Boeing 737-700,126,123,21252917,10973956,A tiempo,0
AP-02429,2025-12-26,Buenos Aires,Ushuaia,Buenos Aires-Ushuaia,Boeing 737-700,126,116,30909433,13458274,A tiempo,0
AP-02430,2025-12-26,Rosario,Córdoba,Rosario-Córdoba,ATR 72,70,44,3237396,2836995,A tiempo,0
AP-02431,2025-12-26,Bariloche,Buenos Aires,Bariloche-Buenos Aires,Boeing 737-700,126,113,20013467,10455673,A tiempo,0
AP-02432,2025-12-27,Bariloche,BUENOS AIRES,Bariloche-Buenos Aires,Boeing 737-700,126,116,20199044,10540457,A tiempo,0
AP-02433,27/12/2025,Iguazú,Buenos Aires,Iguazú-Buenos Aires,Embraer 190,100,92,12852300,6037381,A tiempo,0
AP-02434,27/12/2025,Ushuaia,Buenos Aires,Ushuaia-Buenos Aires,Boeing 737-700,126,112,29288032,13161556,A tiempo,0
AP-02435,2025-12-27,Buenos Aires,Bariloche,Buenos Aires-Bariloche,Embraer 190,100,98,17969900,7773521,A tiempo,0
AP-02436,27/12/2025,Buenos Aires,Bariloche,Buenos Aires-Bariloche,Embraer 190,100,97,16970298,7362626,Demorado,81
AP-02437,2025-12-27,Bariloche,Buenos Aires,Bariloche-Buenos Aires,Boeing 737-700,126,118,22062199,10878797,A tiempo,0
AP-02438,2025-12-27,Rosario,Córdoba,Rosario-Córdoba,ATR 72,70,45,3418127,2690420,A tiempo,0
AP-02439,27/12/2025,Buenos Aires,Neuquén,Buenos Aires-Neuquén,Embraer 190,100,93,12773948,5754069,A tiempo,0
AP-02440,27/12/2025,Córdoba,Tucumán,Córdoba-Tucumán,ATR 72,70,54,4541229,3025980,A tiempo,0
AP-02441,2025-12-28,Mendoza,Tucumán,Mendoza-Tucumán,Boeing 737-700,126,59,7953201,8255546,A tiempo,0
AP-02442,29/12/2025,Buenos Aires,Ushuaia,Buenos Aires-Ushuaia,Boeing 737-700,126,117,30065582,14421388,Demorado,16
AP-02443,2025-12-29,Córdoba,Buenos Aires,Córdoba-Buenos Aires,ATR 72,70,62,6656540,3275292,A tiempo,0
AP-02444,2025-12-29,Buenos Aires,Córdoba,Buenos Aires-Córdoba,ATR 72,70,63,6835829,3371498,A tiempo,0
AP-02445,2025-12-30,Bariloche,Buenos Aires,Bariloche-Buenos Aires,Boeing 737-700,126,122,23635463,10579530,A tiempo,0
AP-02446,2025-12-30,Salta,CORDOBA,Salta-Córdoba,ATR 72,70,25,2753374,3485116,A tiempo,0
AP-02447,2025-12-30,Buenos Aires,ushuaia,Buenos Aires-Ushuaia,Boeing 737-700,126,122,30885838,14250440,A tiempo,0
AP-02448,2025-12-31,Bariloche,Buenos Aires,Bariloche-Buenos Aires,Boeing 737-700,126,0,0,2263465,Cancelado,0
AP-02449,2025-12-31,Buenos Aires,Tucumán,Buenos Aires-Tucumán,Embraer 190,100,95,12873311,6020408,Demorado,191
AP-02450,2025-12-31,Iguazú,BUENOS AIRES,Iguazú-Buenos Aires,Embraer 190,100,94,13554878,6322592,A tiempo,0
